user,amount,timestamp
0.0,25.0,2016-06-10 19:36:26
0.0,50.0,2016-10-16 20:16:26
0.0,50.0,2018-02-15 15:16:07
0.0,25.0,2017-12-10 11:49:15
0.0,25.0,2017-03-24 20:20:44
0.0,25.0,2018-03-16 16:09:22
0.0,50.0,2018-03-26 14:12:42
0.0,25.0,2018-04-22 21:14:32
2.0,1000.0,2017-03-24 15:12:43
2.0,500.0,2015-08-29 13:19:43
2.0,500.0,2016-08-18 19:25:30
2.0,500.0,2017-12-12 14:34:41
2.0,1000.0,2017-10-25 19:58:12
2.0,500.0,2017-02-07 16:38:03
2.0,500.0,2015-08-11 15:24:47
2.0,500.0,2016-06-06 14:39:44
2.0,500.0,2015-07-17 22:52:09
2.0,500.0,2015-06-23 22:34:10
2.0,500.0,2018-03-27 18:35:56
2.0,500.0,2016-02-11 18:40:01
3.0,25.0,2017-10-14 21:04:39
7.0,50.0,2016-07-25 12:39:33
7.0,25.0,2017-12-22 11:55:15
7.0,25.0,2016-09-20 11:05:51
7.0,25.0,2018-04-04 11:25:14
7.0,25.0,2016-08-27 14:39:30
7.0,25.0,2017-02-01 17:34:18
7.0,25.0,2017-06-17 11:11:55
7.0,25.0,2017-07-01 14:30:11
7.0,50.0,2018-04-26 17:50:42
7.0,50.0,2018-06-01 19:24:04
8.0,1500.0,2015-03-02 16:02:21
8.0,1000.0,2017-09-27 16:35:36
8.0,1000.0,2016-02-14 15:56:16
8.0,1000.0,2016-03-18 22:03:26
8.0,1500.0,2018-02-10 18:36:19
8.0,1000.0,2016-10-05 11:05:03
8.0,1000.0,2016-05-22 22:21:34
8.0,1500.0,2016-06-27 21:21:25
8.0,1000.0,2015-12-19 15:05:26
8.0,1000.0,2017-05-06 19:38:15
8.0,1000.0,2017-01-08 14:58:40
8.0,1000.0,2015-12-10 12:12:00
8.0,1500.0,2015-11-06 17:50:41
8.0,1000.0,2015-11-10 16:00:24
8.0,1000.0,2017-03-24 12:06:30
8.0,1500.0,2015-09-22 17:41:16
8.0,1500.0,2016-07-09 18:48:20
8.0,1000.0,2015-09-03 14:43:35
8.0,1000.0,2016-11-15 20:39:19
8.0,1500.0,2015-11-16 18:51:58
9.0,2000.0,2015-12-23 20:08:27
9.0,1500.0,2016-10-11 12:50:40
9.0,1500.0,2017-04-09 19:13:47
9.0,1500.0,2017-11-04 12:18:07
9.0,1500.0,2016-11-24 20:12:35
9.0,1500.0,2016-07-05 11:33:59
9.0,2000.0,2015-11-03 17:00:25
9.0,2000.0,2015-06-30 11:39:56
12.0,25.0,2018-04-13 15:21:19
12.0,50.0,2017-01-14 13:05:26
12.0,25.0,2016-05-20 16:03:20
14.0,50.0,2017-10-03 22:51:09
15.0,25.0,2016-11-13 20:02:37
15.0,25.0,2017-04-12 22:17:53
15.0,25.0,2017-08-04 14:23:43
15.0,25.0,2017-06-28 14:27:10
15.0,25.0,2016-05-25 19:32:24
15.0,50.0,2017-07-16 17:05:45
15.0,25.0,2017-11-13 20:41:37
15.0,25.0,2016-08-03 14:17:40
15.0,25.0,2017-11-12 18:43:41
16.0,500.0,2016-07-25 16:08:39
16.0,1000.0,2017-09-14 22:39:42
17.0,100.0,2017-11-12 15:13:19
17.0,100.0,2016-10-14 21:38:46
17.0,250.0,2016-09-25 21:50:21
17.0,100.0,2017-12-08 16:13:20
17.0,100.0,2016-06-25 22:10:20
17.0,100.0,2016-09-04 11:53:01
17.0,100.0,2016-08-10 22:18:10
17.0,250.0,2016-09-04 22:15:43
17.0,100.0,2015-06-24 13:17:38
17.0,100.0,2017-09-10 15:11:56
17.0,250.0,2018-05-17 17:04:40
17.0,100.0,2017-09-24 11:18:13
18.0,50.0,2018-01-26 19:11:40
20.0,25.0,2018-02-05 11:54:42
20.0,25.0,2018-03-10 15:49:59
20.0,50.0,2017-06-18 15:07:03
20.0,25.0,2016-12-14 13:53:07
20.0,25.0,2017-08-04 21:34:36
20.0,50.0,2017-03-25 16:53:20
21.0,25.0,2018-01-08 16:35:38
21.0,50.0,2017-10-13 14:44:38
21.0,25.0,2018-04-17 18:27:01
21.0,50.0,2017-12-20 18:25:32
22.0,1500.0,2017-04-23 11:05:58
22.0,1500.0,2017-06-12 20:52:09
22.0,1500.0,2017-04-30 20:30:29
22.0,1500.0,2017-07-17 17:04:33
22.0,1500.0,2017-05-28 15:59:07
22.0,2000.0,2017-06-30 16:04:47
23.0,25.0,2016-12-26 21:28:49
23.0,50.0,2015-08-01 22:37:16
23.0,50.0,2015-08-10 21:09:58
24.0,25.0,2018-01-28 15:09:01
24.0,25.0,2016-09-02 13:55:42
24.0,25.0,2017-09-02 11:05:46
24.0,25.0,2015-08-26 11:38:37
24.0,50.0,2016-01-12 15:43:38
24.0,25.0,2017-10-31 22:09:15
24.0,25.0,2017-12-03 21:33:02
24.0,50.0,2016-11-21 22:28:45
24.0,25.0,2015-10-12 14:07:21
25.0,25.0,2018-03-14 21:20:53
25.0,25.0,2018-02-16 15:03:33
26.0,250.0,2017-09-22 13:33:56
26.0,500.0,2018-03-13 16:22:33
26.0,250.0,2017-09-22 18:33:00
28.0,1000.0,2017-10-27 15:05:00
28.0,1000.0,2017-11-19 11:03:44
33.0,1000.0,2017-04-06 17:53:59
33.0,1500.0,2016-04-15 16:12:12
33.0,1000.0,2016-10-03 18:16:06
33.0,1500.0,2017-09-18 22:19:41
33.0,1000.0,2018-03-09 15:19:39
33.0,1000.0,2017-03-08 17:23:46
33.0,1000.0,2018-05-07 11:15:56
33.0,1000.0,2015-06-16 22:21:09
34.0,25.0,2017-12-10 21:10:10
34.0,25.0,2015-09-26 11:07:02
34.0,50.0,2015-10-12 11:44:13
34.0,50.0,2015-06-30 19:17:19
36.0,25.0,2018-01-03 15:07:43
36.0,50.0,2015-12-21 13:25:31
36.0,50.0,2015-07-19 12:42:57
36.0,25.0,2018-04-05 14:53:59
38.0,1000.0,2016-02-18 22:16:12
38.0,1000.0,2017-11-06 19:34:34
38.0,1000.0,2017-11-23 14:36:24
38.0,1500.0,2017-03-18 13:28:41
38.0,1000.0,2015-06-01 19:57:55
38.0,1000.0,2015-07-08 11:12:55
38.0,1500.0,2015-05-05 13:38:39
38.0,1000.0,2018-02-09 15:08:19
39.0,500.0,2018-02-01 12:20:03
39.0,500.0,2017-07-17 14:00:55
42.0,1500.0,2017-12-06 11:13:29
42.0,2000.0,2018-01-16 13:08:27
42.0,2000.0,2018-03-15 19:40:06
42.0,1500.0,2017-11-25 16:00:57
47.0,1500.0,2017-10-23 18:52:35
49.0,50.0,2018-01-10 16:48:43
49.0,25.0,2017-07-17 22:12:41
50.0,100.0,2018-02-02 18:31:40
50.0,250.0,2017-09-17 14:26:52
54.0,75.0,2017-06-18 18:48:59
56.0,75.0,2017-08-28 21:59:01
56.0,75.0,2018-02-18 13:56:06
58.0,25.0,2018-02-01 21:23:40
61.0,75.0,2017-06-18 17:35:55
63.0,25.0,2018-04-17 22:43:36
63.0,25.0,2018-01-15 20:04:23
66.0,25.0,2017-05-31 16:15:23
66.0,25.0,2016-09-11 21:01:55
66.0,50.0,2015-03-31 19:50:37
66.0,25.0,2017-10-07 21:03:10
67.0,25.0,2016-11-27 12:53:41
67.0,25.0,2017-01-23 20:21:09
67.0,50.0,2017-12-15 11:16:44
67.0,50.0,2017-03-19 17:16:07
69.0,25.0,2018-02-07 19:54:43
69.0,25.0,2018-01-21 12:04:57
69.0,25.0,2018-03-04 17:52:26
70.0,50.0,2017-03-04 20:24:48
70.0,25.0,2017-05-26 22:52:54
70.0,25.0,2017-10-08 18:41:15
71.0,25.0,2017-01-29 21:30:09
71.0,25.0,2017-04-03 14:57:08
72.0,25.0,2017-04-12 18:48:10
72.0,25.0,2017-07-03 13:17:04
72.0,25.0,2017-01-10 12:43:45
72.0,50.0,2017-01-10 12:10:44
73.0,25.0,2016-09-30 16:32:40
73.0,25.0,2016-04-09 15:13:38
73.0,50.0,2016-07-21 18:30:25
73.0,25.0,2017-06-23 18:05:44
75.0,75.0,2018-01-09 13:29:33
75.0,100.0,2018-02-13 15:33:08
76.0,25.0,2017-11-18 11:26:12
78.0,1500.0,2017-08-29 14:38:13
78.0,1500.0,2018-01-27 20:59:27
78.0,1500.0,2017-08-06 14:13:09
78.0,1000.0,2018-03-22 18:10:29
79.0,500.0,2016-11-14 19:11:00
79.0,500.0,2016-11-24 13:41:54
79.0,500.0,2016-06-22 11:07:03
79.0,500.0,2016-02-03 11:37:36
79.0,500.0,2017-06-11 15:18:08
79.0,500.0,2016-06-13 18:53:16
82.0,25.0,2017-09-01 16:03:38
82.0,50.0,2018-03-05 15:07:06
82.0,25.0,2017-01-19 14:27:29
82.0,25.0,2017-01-10 12:31:16
82.0,25.0,2017-02-18 11:41:09
82.0,25.0,2017-12-12 15:14:58
82.0,50.0,2017-08-29 15:14:16
82.0,25.0,2018-03-05 21:35:15
82.0,25.0,2015-11-25 12:57:58
83.0,25.0,2017-07-05 19:26:16
83.0,25.0,2018-02-12 13:22:03
85.0,25.0,2018-03-20 19:14:38
86.0,25.0,2018-03-23 11:07:33
86.0,25.0,2017-01-05 18:48:46
87.0,500.0,2017-11-25 22:49:10
87.0,500.0,2018-04-26 14:53:02
87.0,500.0,2018-03-06 22:41:35
96.0,50.0,2018-04-19 13:13:14
96.0,25.0,2017-09-07 18:32:10
99.0,500.0,2016-06-08 15:44:18
99.0,500.0,2016-07-18 22:32:51
99.0,1000.0,2018-02-03 12:18:01
99.0,500.0,2016-06-26 17:19:10
99.0,500.0,2016-10-26 15:10:47
99.0,1000.0,2017-09-18 18:33:56
99.0,500.0,2015-07-09 19:11:20
99.0,500.0,2017-12-29 15:57:12
99.0,1000.0,2017-10-17 15:18:05
99.0,1000.0,2015-08-07 22:06:28
99.0,1000.0,2015-12-20 16:51:35
99.0,500.0,2017-05-30 21:24:24
99.0,500.0,2017-08-13 22:29:16
99.0,500.0,2016-04-09 22:52:32
99.0,500.0,2018-01-26 19:31:27
101.0,25.0,2017-01-18 18:29:51
101.0,50.0,2017-11-13 21:17:03
101.0,50.0,2018-03-28 19:21:05
101.0,50.0,2018-05-18 14:25:46
101.0,25.0,2017-09-19 17:03:19
101.0,50.0,2017-02-02 15:26:46
102.0,50.0,2016-08-30 12:48:55
102.0,25.0,2017-10-08 13:02:01
102.0,50.0,2018-02-17 12:04:44
102.0,25.0,2017-09-06 13:25:48
103.0,75.0,2017-12-23 15:27:46
103.0,75.0,2017-07-24 18:26:29
103.0,75.0,2017-12-23 19:57:56
104.0,50.0,2018-03-17 14:32:42
104.0,50.0,2018-01-10 16:19:07
110.0,250.0,2018-05-05 12:31:36
110.0,250.0,2017-02-15 22:51:32
110.0,250.0,2015-09-21 12:17:59
110.0,250.0,2015-11-09 20:12:43
112.0,50.0,2015-12-11 18:27:18
112.0,50.0,2017-08-02 18:50:52
112.0,25.0,2016-08-16 15:46:20
112.0,25.0,2016-10-07 16:31:26
112.0,50.0,2017-04-14 13:51:06
112.0,25.0,2015-10-14 17:32:59
112.0,25.0,2016-05-10 13:41:38
112.0,25.0,2018-03-22 16:33:52
112.0,25.0,2017-08-11 17:46:42
112.0,50.0,2015-07-27 15:59:43
112.0,25.0,2017-07-04 18:59:18
112.0,25.0,2018-04-07 18:54:31
112.0,25.0,2016-02-17 13:00:54
112.0,25.0,2017-02-14 16:29:15
112.0,50.0,2017-12-01 13:57:23
112.0,25.0,2016-10-31 11:36:43
114.0,50.0,2017-12-15 14:42:42
114.0,50.0,2018-03-01 16:29:42
114.0,50.0,2018-06-01 13:50:25
115.0,25.0,2017-10-17 19:58:42
115.0,25.0,2017-09-29 15:43:38
116.0,25.0,2018-04-14 19:08:52
118.0,100.0,2017-12-30 20:36:13
118.0,100.0,2017-07-13 17:04:14
120.0,25.0,2017-07-10 19:22:18
120.0,25.0,2017-05-05 16:13:14
120.0,25.0,2017-10-23 14:17:59
120.0,25.0,2017-12-04 11:27:09
120.0,25.0,2017-02-03 22:07:11
121.0,25.0,2018-03-15 21:34:21
121.0,25.0,2018-03-08 21:35:32
121.0,25.0,2018-05-30 15:52:02
121.0,25.0,2018-04-19 22:59:19
123.0,50.0,2017-02-26 17:09:42
123.0,50.0,2017-09-26 13:42:32
123.0,50.0,2018-03-08 19:39:45
123.0,75.0,2016-12-21 18:54:29
123.0,50.0,2016-09-04 21:05:53
123.0,50.0,2016-06-26 15:35:53
123.0,50.0,2016-12-22 18:39:24
123.0,75.0,2016-10-20 15:17:56
126.0,250.0,2017-10-04 22:44:12
126.0,500.0,2017-08-07 20:37:59
128.0,1000.0,2018-02-08 19:22:15
128.0,1000.0,2016-10-28 21:20:39
128.0,1000.0,2016-04-02 21:10:16
128.0,1000.0,2017-05-31 17:01:12
130.0,25.0,2017-05-20 16:20:32
130.0,25.0,2017-10-07 15:29:33
130.0,50.0,2017-04-26 22:21:56
130.0,25.0,2018-03-16 22:09:54
131.0,50.0,2017-12-23 21:41:25
131.0,25.0,2016-01-11 16:11:31
131.0,25.0,2015-05-27 14:56:37
131.0,25.0,2018-04-04 11:05:49
133.0,50.0,2018-03-08 13:07:13
133.0,25.0,2017-11-25 11:10:50
133.0,25.0,2017-11-16 15:56:22
134.0,250.0,2018-01-13 11:25:23
135.0,1500.0,2017-07-23 21:01:02
135.0,1000.0,2018-04-03 20:06:56
135.0,1000.0,2017-01-06 13:12:18
135.0,1000.0,2017-03-09 22:40:48
135.0,1000.0,2017-02-01 11:49:48
135.0,1000.0,2017-02-07 18:42:59
135.0,1000.0,2017-07-19 17:57:27
135.0,1500.0,2017-12-26 11:43:53
135.0,1000.0,2017-07-01 11:49:52
135.0,1000.0,2018-04-05 16:33:59
136.0,25.0,2017-06-25 14:30:27
136.0,25.0,2017-04-28 20:49:11
136.0,25.0,2017-11-20 13:36:00
139.0,50.0,2017-12-17 13:51:10
139.0,25.0,2018-03-15 16:44:08
141.0,50.0,2017-08-04 14:48:50
141.0,25.0,2015-05-28 14:00:16
141.0,50.0,2016-04-09 21:02:35
141.0,25.0,2017-09-17 18:15:32
141.0,25.0,2015-03-12 22:53:45
141.0,25.0,2016-11-15 19:09:42
141.0,25.0,2015-06-29 20:01:12
141.0,25.0,2016-04-17 12:54:08
143.0,25.0,2017-06-03 19:54:53
143.0,50.0,2017-08-13 22:10:17
143.0,25.0,2018-05-30 13:52:42
143.0,25.0,2018-04-11 12:11:30
144.0,25.0,2017-04-13 19:02:59
144.0,25.0,2018-05-05 21:16:57
144.0,25.0,2017-12-19 14:39:58
144.0,50.0,2018-04-04 14:06:19
145.0,25.0,2018-02-05 11:32:55
145.0,25.0,2018-05-19 13:47:20
151.0,25.0,2015-09-23 20:04:55
151.0,50.0,2016-11-11 14:18:52
151.0,25.0,2015-07-27 17:42:02
151.0,25.0,2016-05-11 12:06:13
151.0,25.0,2015-12-28 17:20:59
151.0,25.0,2017-05-19 11:35:56
151.0,50.0,2017-07-28 17:27:37
151.0,25.0,2016-03-17 19:48:57
151.0,25.0,2018-02-06 20:33:52
152.0,25.0,2018-05-28 16:39:50
154.0,25.0,2018-02-25 14:29:42
154.0,25.0,2018-01-07 13:55:34
154.0,25.0,2018-01-14 13:01:48
156.0,1000.0,2018-01-06 20:05:17
156.0,500.0,2018-04-10 17:55:22
156.0,500.0,2018-05-02 18:24:18
157.0,25.0,2017-10-03 12:03:19
157.0,50.0,2018-03-17 17:28:42
157.0,50.0,2017-09-19 12:24:50
158.0,25.0,2017-03-22 19:46:03
158.0,25.0,2017-07-16 22:35:33
158.0,25.0,2017-11-10 20:16:07
158.0,25.0,2015-10-11 11:29:23
158.0,25.0,2015-09-30 15:05:02
158.0,25.0,2017-06-08 15:58:39
159.0,100.0,2017-07-06 21:00:42
161.0,50.0,2018-02-17 19:19:29
161.0,75.0,2018-02-11 22:40:39
161.0,50.0,2018-04-13 19:24:30
161.0,75.0,2018-03-12 13:08:43
161.0,75.0,2018-01-30 15:50:56
162.0,50.0,2018-05-20 11:01:32
162.0,50.0,2018-03-06 15:53:08
162.0,25.0,2017-01-22 12:43:06
162.0,25.0,2017-06-10 18:00:17
163.0,25.0,2017-12-12 11:26:24
163.0,25.0,2018-04-03 21:26:33
163.0,25.0,2018-03-02 11:21:01
163.0,25.0,2017-10-29 16:30:07
163.0,25.0,2017-10-04 22:12:26
163.0,25.0,2017-07-24 13:09:52
165.0,50.0,2018-01-30 18:21:18
165.0,50.0,2017-12-10 13:10:59
165.0,25.0,2018-02-22 14:37:02
166.0,1000.0,2017-12-07 20:19:06
166.0,1000.0,2017-07-09 21:10:51
166.0,1000.0,2018-05-30 19:13:24
170.0,75.0,2018-01-25 14:42:57
171.0,100.0,2018-04-20 11:30:53
171.0,100.0,2018-05-26 13:16:55
171.0,100.0,2016-10-25 20:04:44
171.0,100.0,2018-05-27 16:49:01
171.0,250.0,2017-01-18 21:01:23
171.0,100.0,2017-12-15 12:47:24
172.0,25.0,2017-05-30 16:26:10
174.0,50.0,2017-04-10 12:58:40
174.0,50.0,2017-01-31 16:57:05
174.0,75.0,2017-04-07 13:20:10
176.0,50.0,2017-06-02 11:55:20
178.0,25.0,2016-06-18 11:42:52
178.0,25.0,2017-07-05 17:51:40
178.0,25.0,2017-03-07 21:46:29
178.0,25.0,2016-03-27 14:17:33
179.0,50.0,2017-03-23 12:39:20
179.0,50.0,2017-01-10 15:43:52
179.0,25.0,2016-11-14 15:25:42
179.0,25.0,2017-02-13 19:27:43
181.0,500.0,2018-04-06 17:49:03
181.0,500.0,2018-04-17 19:09:48
181.0,500.0,2017-11-01 17:16:15
184.0,100.0,2018-04-17 13:10:33
186.0,50.0,2017-12-29 21:49:37
186.0,25.0,2018-01-06 21:35:13
186.0,25.0,2017-10-28 12:56:09
187.0,50.0,2016-12-26 14:07:08
187.0,50.0,2016-11-21 15:22:26
187.0,25.0,2018-01-04 11:43:23
187.0,25.0,2016-06-24 14:35:42
187.0,25.0,2016-05-27 11:22:31
187.0,25.0,2016-07-09 15:04:18
188.0,25.0,2017-09-23 16:56:39
188.0,25.0,2018-04-13 19:32:25
189.0,50.0,2017-10-19 16:40:36
189.0,25.0,2017-11-13 12:01:46
189.0,50.0,2017-11-02 17:58:12
190.0,25.0,2016-11-28 13:45:15
190.0,25.0,2016-12-31 14:43:24
190.0,25.0,2017-12-21 20:03:28
190.0,25.0,2017-08-01 12:26:05
190.0,25.0,2017-12-01 17:54:09
190.0,50.0,2018-06-01 18:40:05
190.0,50.0,2017-10-18 12:24:14
190.0,25.0,2016-09-24 11:18:04
192.0,50.0,2017-03-08 22:16:03
192.0,50.0,2018-05-28 20:52:11
192.0,25.0,2018-04-05 13:55:18
192.0,25.0,2017-08-17 14:00:50
193.0,100.0,2018-01-31 15:53:49
194.0,25.0,2016-07-16 12:19:53
194.0,25.0,2017-05-26 12:16:43
194.0,25.0,2016-03-13 13:09:55
194.0,25.0,2016-05-31 15:51:18
194.0,25.0,2017-08-22 18:32:34
194.0,25.0,2018-05-20 18:55:16
195.0,50.0,2018-01-19 19:44:12
195.0,50.0,2018-04-07 22:05:41
196.0,25.0,2015-12-14 14:51:27
196.0,25.0,2016-11-16 14:36:35
196.0,25.0,2016-01-26 16:09:53
196.0,50.0,2016-01-15 17:07:12
196.0,25.0,2018-02-18 17:10:22
196.0,50.0,2018-03-17 20:27:47
196.0,25.0,2016-11-19 16:25:03
196.0,50.0,2016-01-21 17:40:29
196.0,50.0,2018-03-05 17:46:07
196.0,50.0,2018-02-17 17:46:29
196.0,25.0,2017-03-21 19:34:03
196.0,25.0,2017-09-26 20:17:56
196.0,25.0,2016-08-22 13:24:33
196.0,50.0,2018-01-07 12:19:46
196.0,25.0,2017-02-18 13:57:58
197.0,75.0,2017-03-19 14:05:14
197.0,50.0,2016-11-17 20:32:38
197.0,75.0,2018-05-26 22:30:45
197.0,50.0,2017-12-16 14:36:35
197.0,50.0,2016-10-13 20:10:53
197.0,50.0,2016-10-31 17:32:07
197.0,50.0,2018-05-07 17:19:54
197.0,50.0,2017-12-01 16:20:09
197.0,50.0,2016-09-15 18:15:26
197.0,50.0,2017-10-08 18:37:06
198.0,25.0,2018-03-06 14:25:11
198.0,50.0,2017-06-17 18:27:06
198.0,50.0,2015-06-04 13:49:47
198.0,25.0,2016-03-29 19:56:18
198.0,50.0,2015-04-19 22:52:55
198.0,25.0,2017-05-26 19:11:51
198.0,25.0,2018-02-08 17:19:19
198.0,25.0,2017-05-23 12:56:39
200.0,25.0,2017-06-17 12:56:53
200.0,50.0,2017-01-30 13:37:59
200.0,50.0,2016-11-12 13:00:44
200.0,25.0,2017-01-17 19:48:03
201.0,25.0,2017-12-04 14:12:55
201.0,25.0,2017-10-29 20:47:26
201.0,25.0,2017-12-06 11:57:00
201.0,25.0,2017-08-06 11:41:27
204.0,25.0,2017-08-21 21:33:44
204.0,25.0,2017-03-31 16:47:40
204.0,50.0,2018-02-03 22:46:02
211.0,25.0,2018-05-24 21:53:02
212.0,100.0,2017-07-22 11:30:13
212.0,100.0,2017-10-31 18:07:04
212.0,100.0,2015-07-13 18:39:18
212.0,100.0,2017-07-08 22:21:38
212.0,100.0,2017-04-14 19:44:16
212.0,250.0,2016-11-10 12:37:18
212.0,100.0,2018-03-30 20:24:04
212.0,250.0,2018-05-01 20:48:57
212.0,250.0,2015-11-05 11:20:28
212.0,100.0,2017-05-08 18:04:54
212.0,100.0,2018-04-24 20:58:07
212.0,250.0,2015-08-10 17:28:08
212.0,100.0,2017-05-23 15:41:44
212.0,100.0,2017-02-28 19:54:01
212.0,100.0,2018-02-16 15:32:44
214.0,25.0,2017-11-08 20:54:29
216.0,25.0,2018-02-06 16:57:02
216.0,25.0,2017-05-29 21:22:31
216.0,25.0,2017-11-29 12:25:13
216.0,50.0,2018-04-21 21:53:09
217.0,25.0,2018-05-03 19:41:59
217.0,50.0,2018-02-28 11:00:45
218.0,50.0,2017-09-08 22:13:20
218.0,25.0,2016-10-05 21:32:47
218.0,50.0,2015-07-17 16:17:54
218.0,25.0,2017-03-18 20:03:29
218.0,25.0,2016-12-11 12:19:36
218.0,25.0,2017-05-02 15:29:18
218.0,25.0,2017-10-27 22:21:28
218.0,50.0,2017-05-22 19:19:04
218.0,25.0,2018-05-29 16:42:46
218.0,50.0,2015-08-09 14:29:39
218.0,50.0,2015-06-20 13:53:30
218.0,25.0,2016-08-29 20:09:00
219.0,50.0,2017-08-02 16:19:14
219.0,25.0,2018-02-10 19:12:32
219.0,25.0,2016-07-14 11:16:39
219.0,50.0,2018-03-08 16:46:09
219.0,25.0,2017-10-11 15:57:53
219.0,25.0,2017-02-14 17:36:20
222.0,25.0,2018-04-04 19:38:15
222.0,50.0,2018-04-26 13:09:39
222.0,25.0,2017-09-20 17:38:12
223.0,100.0,2018-02-17 11:51:49
224.0,50.0,2017-11-11 12:45:02
224.0,25.0,2017-12-13 18:01:12
224.0,25.0,2017-12-18 12:41:12
224.0,25.0,2018-05-31 15:07:37
224.0,25.0,2017-12-22 20:19:33
224.0,25.0,2017-08-05 14:34:34
225.0,25.0,2017-12-25 15:31:35
225.0,50.0,2018-01-22 11:13:22
225.0,25.0,2018-02-23 15:36:12
225.0,25.0,2018-03-05 11:39:26
226.0,25.0,2017-11-04 22:51:08
226.0,25.0,2015-11-22 11:33:01
226.0,50.0,2017-10-17 20:21:16
226.0,25.0,2018-04-07 22:09:37
226.0,25.0,2016-10-10 20:48:19
226.0,25.0,2016-02-09 20:51:53
226.0,25.0,2016-05-11 17:01:53
226.0,25.0,2017-05-06 13:09:03
228.0,25.0,2018-04-26 14:32:08
229.0,25.0,2018-05-30 14:33:21
229.0,25.0,2017-07-14 13:25:21
229.0,25.0,2017-10-20 15:13:02
229.0,50.0,2017-09-08 14:12:19
230.0,50.0,2018-05-17 17:01:07
230.0,25.0,2017-10-16 11:24:15
231.0,50.0,2017-11-15 13:20:37
233.0,25.0,2017-09-05 14:01:21
233.0,25.0,2016-04-29 14:08:55
233.0,25.0,2016-11-29 18:28:41
233.0,50.0,2017-05-19 16:23:42
233.0,25.0,2017-10-09 11:06:21
233.0,25.0,2016-12-21 13:09:30
233.0,50.0,2017-08-13 19:34:12
233.0,25.0,2017-12-28 16:48:35
233.0,50.0,2017-02-26 19:39:26
233.0,25.0,2016-04-14 15:36:35
233.0,25.0,2016-05-28 20:54:07
233.0,25.0,2016-02-22 21:08:25
234.0,25.0,2018-04-16 15:51:24
234.0,25.0,2017-12-04 11:23:42
234.0,25.0,2017-11-26 17:21:49
236.0,75.0,2017-10-11 22:20:40
236.0,100.0,2017-07-08 16:28:29
236.0,75.0,2018-05-14 18:43:57
236.0,75.0,2017-08-05 19:08:48
236.0,100.0,2018-04-29 16:37:20
236.0,75.0,2017-10-07 15:53:10
237.0,50.0,2018-01-22 14:45:03
238.0,100.0,2017-05-12 19:33:39
239.0,50.0,2017-11-11 22:11:05
239.0,50.0,2018-02-17 21:02:38
240.0,25.0,2017-05-18 19:09:45
240.0,25.0,2017-05-29 18:27:53
240.0,25.0,2017-05-10 18:32:02
240.0,25.0,2017-07-25 18:49:16
240.0,25.0,2017-11-02 16:10:34
240.0,50.0,2018-03-23 17:11:07
241.0,1500.0,2017-06-25 11:09:43
241.0,1500.0,2018-05-27 18:42:32
242.0,50.0,2016-10-08 17:03:16
242.0,25.0,2018-05-29 13:34:52
242.0,25.0,2018-04-28 16:41:00
242.0,25.0,2016-09-28 13:29:25
242.0,25.0,2016-02-01 13:34:53
242.0,25.0,2018-05-01 16:53:45
242.0,25.0,2016-08-08 21:25:56
242.0,25.0,2015-10-22 14:12:38
242.0,50.0,2017-04-28 15:36:36
242.0,50.0,2015-04-05 16:39:54
242.0,50.0,2017-12-05 19:50:50
242.0,25.0,2018-06-03 17:43:38
242.0,25.0,2016-07-23 16:17:17
242.0,25.0,2017-04-26 11:21:58
242.0,25.0,2016-02-18 18:50:47
242.0,25.0,2018-05-01 20:50:42
242.0,25.0,2015-07-27 22:13:03
242.0,25.0,2015-05-17 20:07:32
242.0,25.0,2016-10-18 12:13:23
242.0,25.0,2016-09-26 22:44:47
244.0,250.0,2017-04-20 13:58:53
244.0,250.0,2017-06-24 14:58:34
244.0,250.0,2017-04-27 19:00:56
245.0,25.0,2018-01-11 11:29:33
246.0,50.0,2017-01-27 13:19:18
246.0,50.0,2016-10-06 14:47:46
246.0,25.0,2017-10-29 17:57:07
246.0,50.0,2016-10-20 11:53:54
246.0,50.0,2016-04-24 16:38:21
246.0,50.0,2015-02-18 11:05:50
246.0,25.0,2017-07-26 14:39:27
246.0,25.0,2016-09-11 15:25:44
249.0,50.0,2017-10-15 18:39:08
249.0,25.0,2015-12-24 22:10:29
249.0,25.0,2018-03-23 22:59:07
249.0,50.0,2017-02-05 13:48:23
249.0,25.0,2017-04-13 13:38:29
249.0,50.0,2015-07-14 20:39:50
249.0,50.0,2016-09-26 16:09:59
249.0,25.0,2015-10-17 20:37:16
249.0,50.0,2015-11-20 13:02:53
249.0,25.0,2017-01-17 13:36:22
249.0,50.0,2015-08-29 18:39:32
249.0,25.0,2015-11-25 14:49:15
250.0,25.0,2017-08-29 11:04:01
250.0,25.0,2016-02-02 14:40:48
250.0,25.0,2015-07-24 13:40:39
250.0,25.0,2015-09-14 22:47:43
251.0,25.0,2016-09-14 13:21:56
251.0,25.0,2017-05-16 13:39:31
251.0,25.0,2017-04-24 17:11:22
251.0,25.0,2016-03-15 14:06:58
251.0,25.0,2017-09-25 19:13:34
251.0,50.0,2018-04-15 15:55:55
252.0,25.0,2017-08-09 20:20:01
252.0,25.0,2017-10-14 11:54:36
252.0,50.0,2018-01-21 21:17:14
252.0,25.0,2017-12-31 14:36:41
253.0,50.0,2018-05-09 18:02:52
253.0,25.0,2017-10-19 22:17:43
254.0,100.0,2018-01-02 17:11:23
254.0,75.0,2017-04-25 14:14:56
254.0,100.0,2017-12-04 15:49:28
254.0,100.0,2017-03-22 11:39:52
254.0,75.0,2016-07-11 15:52:10
254.0,75.0,2015-06-14 20:38:35
254.0,75.0,2015-11-22 18:13:54
254.0,75.0,2017-01-03 21:18:40
255.0,50.0,2017-10-03 22:18:36
255.0,50.0,2017-04-18 13:58:26
255.0,25.0,2018-03-28 16:43:39
257.0,25.0,2017-04-17 19:31:36
257.0,25.0,2017-09-05 15:21:35
257.0,50.0,2016-06-27 20:32:45
257.0,25.0,2016-03-19 17:28:37
258.0,50.0,2016-03-23 18:42:15
258.0,25.0,2017-02-15 18:46:54
258.0,25.0,2018-03-15 18:58:39
259.0,25.0,2016-10-09 22:04:30
259.0,25.0,2018-05-15 20:33:31
260.0,500.0,2017-09-01 14:01:13
260.0,500.0,2018-02-14 11:29:03
262.0,50.0,2017-07-27 12:03:10
262.0,25.0,2016-05-12 19:34:04
262.0,25.0,2016-09-24 22:02:37
262.0,50.0,2017-12-22 15:49:23
267.0,25.0,2015-09-20 21:20:42
267.0,25.0,2015-03-26 11:06:17
267.0,25.0,2017-11-25 22:33:43
267.0,50.0,2015-09-08 16:42:39
267.0,25.0,2017-05-27 12:06:35
267.0,25.0,2018-04-05 14:22:38
267.0,25.0,2016-08-29 22:37:57
267.0,25.0,2015-03-18 21:19:05
272.0,100.0,2016-01-11 12:50:23
272.0,250.0,2017-09-06 14:31:31
272.0,100.0,2016-03-16 21:01:34
275.0,500.0,2017-04-23 11:36:28
275.0,250.0,2016-04-16 14:19:04
277.0,1000.0,2017-08-20 12:32:54
277.0,1000.0,2018-05-24 15:51:28
277.0,1000.0,2018-01-05 19:05:53
277.0,1000.0,2017-08-06 18:35:44
279.0,100.0,2017-11-09 21:24:13
279.0,100.0,2018-03-02 20:37:46
279.0,250.0,2018-02-11 12:51:36
279.0,100.0,2017-12-31 12:07:27
280.0,500.0,2017-09-29 11:23:13
281.0,1500.0,2017-08-26 22:07:22
281.0,1500.0,2018-01-04 19:38:23
281.0,1500.0,2017-06-27 12:17:23
281.0,1500.0,2017-06-13 11:13:20
281.0,2000.0,2015-11-12 16:33:35
281.0,1500.0,2017-02-28 13:04:45
281.0,1500.0,2018-05-07 17:59:10
281.0,1500.0,2018-05-19 12:26:22
282.0,250.0,2016-10-26 19:37:07
282.0,100.0,2016-04-03 18:52:54
282.0,100.0,2017-04-03 22:19:18
282.0,250.0,2017-06-20 15:19:22
283.0,25.0,2016-03-17 21:48:38
283.0,25.0,2018-05-08 17:07:53
283.0,25.0,2018-02-25 13:49:29
283.0,25.0,2016-04-16 17:09:36
283.0,25.0,2018-02-28 21:18:07
283.0,25.0,2016-04-04 20:37:49
284.0,250.0,2018-03-14 11:34:53
284.0,500.0,2018-02-05 20:49:51
285.0,500.0,2016-01-30 20:51:58
285.0,500.0,2016-03-04 22:20:49
285.0,250.0,2017-03-30 14:46:17
285.0,500.0,2017-03-17 15:08:15
285.0,500.0,2018-04-19 19:34:06
285.0,500.0,2016-07-11 14:45:26
285.0,500.0,2015-06-14 18:29:15
285.0,250.0,2017-07-16 19:01:14
286.0,50.0,2017-05-13 20:09:29
286.0,50.0,2018-02-02 21:50:22
286.0,50.0,2017-08-23 16:44:17
286.0,25.0,2017-01-05 19:18:49
288.0,250.0,2018-04-05 13:54:44
288.0,500.0,2018-04-20 16:45:54
289.0,25.0,2016-06-29 21:28:19
289.0,25.0,2018-01-10 20:15:04
289.0,25.0,2017-11-21 11:42:52
289.0,25.0,2017-10-08 16:07:09
289.0,25.0,2017-10-31 20:50:09
289.0,50.0,2016-12-03 11:49:25
292.0,50.0,2017-10-12 22:31:40
292.0,25.0,2016-09-29 15:50:44
292.0,25.0,2017-05-03 11:53:11
292.0,25.0,2018-02-26 16:39:18
293.0,75.0,2017-11-03 19:45:55
293.0,50.0,2018-02-21 12:26:26
294.0,25.0,2015-10-22 17:45:46
294.0,50.0,2016-03-04 18:13:06
294.0,25.0,2018-02-20 21:49:32
294.0,50.0,2016-12-02 19:27:16
294.0,25.0,2016-12-14 17:14:17
294.0,25.0,2017-01-31 16:53:25
294.0,50.0,2018-01-26 19:00:46
294.0,25.0,2016-09-14 11:18:25
294.0,25.0,2017-08-30 22:49:29
294.0,25.0,2016-05-18 19:19:07
294.0,25.0,2015-12-24 22:38:01
294.0,50.0,2017-12-07 17:54:04
294.0,25.0,2016-02-02 14:10:08
294.0,50.0,2017-09-29 15:27:24
294.0,50.0,2018-02-09 21:27:21
295.0,25.0,2017-10-24 16:38:36
296.0,25.0,2017-10-12 13:08:34
301.0,25.0,2017-01-26 13:46:54
301.0,25.0,2017-05-13 15:29:10
301.0,25.0,2018-05-17 11:33:42
301.0,25.0,2016-06-21 13:51:48
301.0,50.0,2017-05-03 16:45:30
301.0,25.0,2016-06-04 17:54:51
301.0,25.0,2017-04-09 21:43:50
301.0,25.0,2016-04-28 21:00:28
301.0,50.0,2016-09-18 15:45:52
301.0,50.0,2017-06-15 18:17:19
304.0,500.0,2017-02-21 22:29:11
304.0,500.0,2018-01-25 12:37:18
304.0,1000.0,2018-02-20 21:17:54
304.0,1000.0,2017-05-19 20:09:08
304.0,500.0,2018-05-14 16:34:53
304.0,500.0,2017-08-30 19:24:36
309.0,75.0,2016-09-20 14:12:46
309.0,75.0,2016-08-29 21:37:20
309.0,75.0,2016-10-08 12:51:11
309.0,75.0,2017-09-16 12:51:16
309.0,75.0,2015-04-09 18:06:30
309.0,75.0,2017-11-07 11:29:07
309.0,100.0,2017-03-02 17:31:20
309.0,75.0,2016-09-26 21:53:42
309.0,75.0,2016-11-21 20:54:18
309.0,75.0,2016-03-20 13:56:44
309.0,75.0,2017-02-22 19:33:13
309.0,75.0,2016-08-14 18:16:56
310.0,50.0,2017-06-26 12:51:43
310.0,50.0,2015-05-26 13:13:50
310.0,25.0,2015-12-15 18:32:58
310.0,50.0,2016-04-02 17:50:34
311.0,25.0,2018-04-12 13:44:57
311.0,25.0,2017-12-03 16:13:44
312.0,25.0,2018-03-01 11:34:22
312.0,50.0,2017-11-30 12:01:16
313.0,250.0,2016-10-05 21:51:19
313.0,250.0,2017-07-17 15:27:48
315.0,50.0,2016-10-23 16:36:15
315.0,25.0,2015-11-16 15:34:14
315.0,50.0,2016-05-29 18:20:09
316.0,25.0,2018-03-12 12:56:18
317.0,250.0,2018-02-13 20:48:50
317.0,250.0,2018-04-10 12:59:41
317.0,500.0,2018-05-16 11:19:20
318.0,50.0,2018-05-21 20:53:19
318.0,25.0,2018-05-30 12:50:18
318.0,50.0,2015-11-15 20:56:20
318.0,50.0,2017-10-21 18:37:11
318.0,50.0,2016-11-10 20:40:16
318.0,25.0,2015-10-23 16:29:45
318.0,25.0,2015-07-05 11:16:16
318.0,25.0,2016-04-29 15:20:04
318.0,50.0,2016-05-12 21:48:20
318.0,25.0,2017-05-07 19:26:00
318.0,25.0,2016-12-20 19:24:30
318.0,25.0,2015-06-03 14:27:40
320.0,25.0,2018-05-24 20:07:21
321.0,25.0,2018-05-02 12:58:51
322.0,50.0,2017-09-11 13:13:52
322.0,25.0,2018-05-19 16:05:38
323.0,25.0,2017-06-05 11:52:28
323.0,25.0,2017-09-27 22:09:58
323.0,25.0,2016-09-10 18:43:36
323.0,50.0,2017-12-18 22:19:43
323.0,50.0,2018-04-15 12:35:46
323.0,25.0,2018-01-07 15:09:50
324.0,50.0,2018-01-27 18:32:39
324.0,50.0,2018-03-07 22:28:52
324.0,50.0,2016-08-31 16:29:13
324.0,50.0,2018-03-15 20:18:14
325.0,25.0,2018-06-01 13:00:48
325.0,50.0,2018-02-24 19:25:32
327.0,25.0,2015-08-23 16:32:15
327.0,25.0,2016-12-10 22:35:03
327.0,25.0,2017-10-07 11:15:40
327.0,25.0,2016-09-02 13:24:09
329.0,25.0,2016-11-07 21:06:11
329.0,25.0,2016-10-25 13:23:05
329.0,50.0,2017-11-11 19:42:49
329.0,25.0,2017-05-26 14:25:17
329.0,25.0,2018-05-16 20:53:03
329.0,50.0,2017-04-04 17:57:23
329.0,50.0,2017-04-27 17:04:02
329.0,25.0,2016-08-01 20:22:11
329.0,25.0,2018-04-04 19:16:48
329.0,25.0,2018-05-24 14:30:18
329.0,50.0,2018-05-17 11:09:04
329.0,25.0,2017-12-13 20:19:56
329.0,25.0,2016-11-19 15:40:46
329.0,25.0,2016-03-04 11:31:35
329.0,25.0,2017-05-13 13:59:39
331.0,500.0,2017-09-15 15:53:47
331.0,500.0,2017-11-13 22:03:23
331.0,250.0,2017-10-30 11:43:10
331.0,250.0,2016-07-20 12:47:28
331.0,250.0,2018-02-17 14:38:01
331.0,250.0,2018-03-14 22:37:05
331.0,250.0,2018-02-14 15:33:11
331.0,500.0,2015-09-18 17:43:55
331.0,500.0,2017-06-25 11:51:49
331.0,500.0,2015-06-01 20:56:22
331.0,250.0,2017-01-31 19:36:10
331.0,250.0,2016-12-11 17:42:59
333.0,1500.0,2017-02-28 18:11:54
333.0,1500.0,2016-08-03 20:35:43
333.0,1500.0,2017-07-15 22:19:28
333.0,1500.0,2017-06-18 12:21:04
333.0,1500.0,2017-03-21 19:53:32
333.0,2000.0,2016-09-11 18:40:12
334.0,75.0,2018-04-03 12:25:25
334.0,50.0,2018-03-23 11:21:23
337.0,250.0,2016-11-22 20:31:08
337.0,500.0,2018-01-09 22:56:02
337.0,250.0,2018-02-23 13:32:59
337.0,500.0,2017-07-03 17:09:12
337.0,250.0,2017-08-30 13:00:40
337.0,250.0,2016-12-07 16:20:39
337.0,250.0,2017-12-05 18:20:48
337.0,250.0,2017-01-26 16:53:43
337.0,250.0,2017-10-11 16:41:37
337.0,250.0,2018-02-02 13:28:56
337.0,250.0,2017-11-21 11:19:27
337.0,500.0,2018-02-26 20:42:10
339.0,25.0,2017-06-11 15:04:44
339.0,25.0,2017-04-05 22:51:04
339.0,50.0,2017-07-19 19:45:27
341.0,250.0,2017-11-22 20:36:41
341.0,250.0,2016-09-23 16:46:16
341.0,250.0,2018-01-11 18:36:43
341.0,250.0,2018-02-07 22:25:42
343.0,50.0,2017-09-09 17:25:32
343.0,25.0,2017-03-20 17:09:51
346.0,25.0,2017-05-21 17:30:37
346.0,25.0,2016-02-25 13:24:41
346.0,25.0,2017-02-14 16:50:40
348.0,1000.0,2017-05-25 20:43:48
348.0,1500.0,2016-08-08 22:12:35
349.0,50.0,2016-12-25 11:56:49
349.0,50.0,2017-01-08 11:23:04
349.0,25.0,2017-11-14 11:12:16
349.0,25.0,2018-05-03 14:45:21
349.0,25.0,2016-06-26 17:12:11
349.0,50.0,2018-01-28 16:20:40
349.0,25.0,2015-11-10 19:46:42
349.0,50.0,2018-03-16 11:51:22
349.0,25.0,2017-02-16 11:09:39
349.0,25.0,2016-08-03 17:30:02
349.0,50.0,2017-12-26 18:24:38
349.0,25.0,2016-08-24 14:53:04
349.0,50.0,2017-07-17 11:43:00
349.0,25.0,2016-10-04 20:37:35
349.0,50.0,2016-10-17 14:52:13
349.0,50.0,2016-06-17 20:46:24
352.0,25.0,2018-03-23 20:05:04
352.0,25.0,2018-05-08 14:34:47
353.0,100.0,2017-10-12 19:47:19
354.0,25.0,2018-01-29 21:30:04
357.0,1000.0,2017-07-28 16:04:27
357.0,500.0,2017-12-05 13:08:45
357.0,500.0,2017-03-23 13:32:09
357.0,500.0,2017-02-01 16:58:42
359.0,25.0,2015-06-14 15:14:23
359.0,25.0,2015-12-31 21:12:37
359.0,25.0,2016-03-28 21:28:44
359.0,25.0,2017-11-01 17:40:58
359.0,25.0,2016-12-02 11:47:11
359.0,25.0,2018-01-07 18:49:49
360.0,25.0,2016-03-24 14:21:41
360.0,25.0,2017-08-22 21:52:12
360.0,25.0,2015-09-17 11:37:42
360.0,50.0,2015-11-01 19:42:09
361.0,75.0,2017-06-26 19:59:48
361.0,75.0,2017-07-22 11:15:55
361.0,75.0,2016-12-23 18:06:18
361.0,75.0,2017-07-06 16:42:29
361.0,100.0,2017-02-06 12:07:24
361.0,75.0,2017-03-19 21:09:01
361.0,100.0,2017-12-10 14:19:52
361.0,100.0,2018-02-10 12:51:57
362.0,100.0,2017-08-14 14:30:09
362.0,100.0,2017-09-16 12:33:46
365.0,25.0,2018-02-22 11:21:15
365.0,25.0,2017-06-22 15:25:41
365.0,25.0,2017-06-11 20:29:00
365.0,50.0,2016-10-27 12:02:53
365.0,25.0,2017-03-07 16:20:00
365.0,50.0,2016-07-18 18:53:08
367.0,250.0,2017-12-15 16:49:47
368.0,25.0,2017-08-26 14:39:01
369.0,25.0,2018-05-01 21:47:27
369.0,50.0,2017-12-23 17:26:54
369.0,25.0,2017-06-15 17:19:57
371.0,50.0,2018-01-29 15:04:58
371.0,25.0,2018-03-19 21:15:30
371.0,25.0,2017-12-03 15:23:58
371.0,50.0,2018-03-31 13:14:37
372.0,25.0,2016-07-02 13:55:24
372.0,25.0,2017-09-23 14:29:57
372.0,25.0,2016-05-24 21:40:09
373.0,1000.0,2016-12-20 20:43:28
373.0,1000.0,2017-04-20 17:18:24
373.0,1000.0,2017-08-29 12:55:19
373.0,1500.0,2016-10-14 11:11:39
375.0,50.0,2018-04-29 18:08:56
375.0,50.0,2018-04-10 20:24:43
375.0,25.0,2017-12-07 20:36:13
375.0,25.0,2018-02-28 19:37:06
375.0,25.0,2018-01-27 22:59:20
376.0,25.0,2016-10-19 19:36:24
376.0,50.0,2017-04-19 18:41:11
376.0,50.0,2017-02-14 21:08:42
376.0,25.0,2016-12-15 21:11:07
377.0,50.0,2018-01-18 18:45:53
377.0,25.0,2015-08-15 21:58:53
377.0,25.0,2017-03-01 21:04:50
378.0,50.0,2018-01-04 20:08:17
378.0,25.0,2018-02-03 13:41:46
378.0,25.0,2016-09-29 15:54:31
378.0,50.0,2017-08-26 12:07:23
380.0,25.0,2018-05-19 11:58:52
380.0,50.0,2018-02-04 21:41:02
380.0,25.0,2016-12-16 13:29:03
380.0,25.0,2018-04-03 12:46:50
382.0,25.0,2017-07-29 21:35:07
382.0,25.0,2016-01-21 21:48:54
382.0,50.0,2015-11-07 16:01:18
382.0,25.0,2016-02-04 11:00:36
382.0,25.0,2017-11-27 13:34:13
382.0,25.0,2015-03-19 21:31:06
382.0,50.0,2017-03-13 13:29:07
382.0,25.0,2015-10-03 18:54:32
383.0,75.0,2016-07-29 22:49:44
383.0,75.0,2016-04-18 15:25:26
383.0,100.0,2015-12-29 15:55:08
383.0,75.0,2016-04-13 15:19:45
383.0,75.0,2016-10-01 20:43:37
383.0,75.0,2017-04-26 21:35:41
388.0,1000.0,2018-04-20 15:49:20
389.0,500.0,2018-03-21 12:57:19
390.0,25.0,2017-10-12 19:54:46
390.0,25.0,2017-09-16 21:40:46
390.0,25.0,2016-11-17 22:39:57
390.0,25.0,2017-08-24 18:27:27
390.0,25.0,2018-05-25 14:51:10
390.0,25.0,2016-03-22 22:49:23
390.0,25.0,2016-08-03 21:55:26
390.0,25.0,2016-04-14 20:15:55
390.0,50.0,2016-03-13 12:04:49
390.0,25.0,2016-03-06 18:51:36
390.0,25.0,2017-03-02 16:27:34
390.0,25.0,2015-08-08 14:31:13
391.0,75.0,2017-10-31 13:32:46
391.0,75.0,2016-03-25 18:52:36
391.0,100.0,2016-02-05 19:11:12
391.0,75.0,2016-01-29 11:24:14
392.0,100.0,2018-03-20 13:23:20
392.0,100.0,2018-04-16 18:18:22
395.0,25.0,2015-07-04 22:06:20
395.0,50.0,2016-04-22 11:49:09
395.0,25.0,2015-06-19 16:29:37
395.0,50.0,2016-11-05 16:15:00
395.0,25.0,2017-10-16 17:56:05
395.0,25.0,2017-01-28 22:57:18
395.0,50.0,2017-12-22 15:27:58
395.0,50.0,2018-05-16 17:40:42
395.0,50.0,2016-05-22 19:45:14
395.0,25.0,2018-05-19 18:54:35
395.0,25.0,2016-04-20 14:31:57
395.0,25.0,2016-08-16 12:07:56
395.0,50.0,2015-04-09 20:42:10
395.0,25.0,2015-03-25 21:32:02
395.0,25.0,2016-09-19 15:08:58
395.0,25.0,2015-11-24 14:26:49
396.0,25.0,2018-02-01 20:30:42
396.0,25.0,2017-09-20 11:30:39
396.0,50.0,2017-11-21 20:08:19
396.0,25.0,2018-03-19 12:59:54
396.0,25.0,2018-02-24 11:59:48
396.0,50.0,2017-06-05 15:46:40
398.0,75.0,2017-12-01 17:09:19
398.0,75.0,2017-05-26 15:18:27
398.0,75.0,2016-12-21 15:21:11
398.0,50.0,2017-08-16 14:10:31
398.0,50.0,2018-02-01 16:20:52
398.0,50.0,2017-11-13 15:30:55
398.0,75.0,2018-03-19 14:28:19
398.0,50.0,2017-05-31 15:56:59
399.0,50.0,2017-04-02 21:36:11
399.0,25.0,2017-10-23 16:23:23
399.0,25.0,2015-12-22 17:30:26
399.0,25.0,2016-05-05 11:37:13
399.0,25.0,2016-01-10 18:19:47
399.0,50.0,2018-02-14 11:54:18
399.0,25.0,2017-06-18 20:05:55
399.0,25.0,2018-05-05 19:42:00
399.0,25.0,2016-11-24 12:18:03
399.0,25.0,2017-10-11 19:03:38
399.0,25.0,2017-07-23 22:30:38
399.0,25.0,2016-09-08 15:26:15
401.0,25.0,2017-09-12 19:01:58
402.0,50.0,2015-04-27 21:01:12
402.0,50.0,2016-02-05 15:07:07
402.0,50.0,2016-06-17 18:27:13
402.0,25.0,2015-07-16 20:55:55
403.0,25.0,2018-02-04 18:50:05
403.0,50.0,2018-03-23 20:51:52
403.0,50.0,2018-03-16 12:47:04
405.0,250.0,2018-01-19 16:59:15
405.0,500.0,2018-05-07 12:56:53
405.0,500.0,2017-11-11 20:18:57
405.0,250.0,2017-11-12 20:30:49
406.0,25.0,2018-03-02 19:25:24
406.0,25.0,2017-05-09 13:32:02
408.0,50.0,2016-03-17 18:01:48
408.0,25.0,2016-07-10 11:35:45
410.0,25.0,2017-07-31 22:00:31
410.0,25.0,2017-01-08 16:27:17
411.0,1000.0,2017-11-27 15:12:18
411.0,1000.0,2018-01-25 13:14:28
411.0,1000.0,2018-01-20 20:06:39
412.0,1000.0,2018-02-12 14:23:27
412.0,500.0,2016-11-09 21:09:45
412.0,1000.0,2015-08-09 22:02:02
412.0,500.0,2015-07-15 22:27:39
412.0,1000.0,2018-05-22 17:03:46
412.0,500.0,2018-05-10 16:06:55
412.0,500.0,2018-04-21 19:52:04
412.0,500.0,2017-05-15 12:53:47
412.0,1000.0,2016-04-12 12:50:25
412.0,500.0,2016-02-07 14:16:45
412.0,500.0,2018-05-09 13:27:37
412.0,1000.0,2017-08-05 18:27:24
413.0,25.0,2017-11-27 11:19:22
414.0,50.0,2018-03-31 13:43:28
414.0,25.0,2018-03-20 13:29:20
415.0,50.0,2017-05-05 15:48:46
415.0,25.0,2017-05-31 14:00:00
415.0,50.0,2018-01-17 17:41:02
415.0,50.0,2017-11-16 16:36:42
415.0,25.0,2017-08-29 11:30:33
415.0,25.0,2016-05-21 18:30:27
415.0,25.0,2016-09-19 15:53:46
415.0,25.0,2016-09-12 13:00:48
415.0,25.0,2018-04-07 14:05:35
415.0,50.0,2016-06-11 14:45:54
415.0,25.0,2016-12-12 19:18:55
415.0,25.0,2017-05-01 15:11:28
416.0,25.0,2017-06-23 14:34:18
416.0,25.0,2017-06-30 22:59:45
417.0,25.0,2017-09-06 11:25:22
417.0,50.0,2017-07-17 22:26:47
417.0,50.0,2017-12-25 20:48:00
417.0,25.0,2017-03-13 11:50:23
418.0,25.0,2017-02-11 21:04:53
418.0,50.0,2018-03-10 12:34:50
418.0,25.0,2017-12-30 20:30:47
418.0,25.0,2017-02-17 16:57:47
418.0,25.0,2016-10-28 20:07:49
418.0,25.0,2015-11-23 22:09:43
418.0,25.0,2015-03-24 21:16:15
418.0,25.0,2015-04-07 19:55:15
418.0,25.0,2017-02-06 14:40:00
418.0,25.0,2017-08-20 11:40:24
418.0,25.0,2015-10-26 12:51:30
418.0,25.0,2017-12-13 22:10:48
418.0,50.0,2016-08-30 13:57:56
418.0,25.0,2015-10-27 20:25:15
418.0,50.0,2017-03-24 20:41:59
418.0,50.0,2016-03-11 22:31:42
418.0,25.0,2015-09-19 12:42:41
418.0,25.0,2017-02-08 19:16:29
418.0,50.0,2015-12-08 11:36:26
418.0,25.0,2016-08-02 17:59:11
419.0,25.0,2017-07-06 21:09:48
419.0,25.0,2017-10-21 22:30:57
420.0,25.0,2017-09-04 19:28:06
420.0,25.0,2018-05-09 20:40:09
424.0,1000.0,2018-02-27 17:07:52
424.0,1000.0,2017-02-16 21:00:22
424.0,1500.0,2017-11-23 12:55:38
424.0,1000.0,2017-05-09 16:46:39
424.0,1500.0,2018-01-07 16:31:46
425.0,50.0,2018-02-09 11:23:18
425.0,75.0,2018-06-03 20:35:33
425.0,50.0,2018-01-02 16:27:31
426.0,50.0,2017-10-31 18:35:25
426.0,50.0,2015-08-21 12:43:56
426.0,25.0,2017-12-01 22:28:53
426.0,50.0,2015-08-10 22:13:26
427.0,25.0,2018-02-14 17:02:25
427.0,25.0,2016-05-15 20:23:47
427.0,25.0,2016-01-27 15:39:00
427.0,25.0,2017-01-23 19:16:29
427.0,25.0,2016-05-06 20:17:35
427.0,50.0,2017-12-14 19:15:32
427.0,50.0,2016-11-01 21:51:15
427.0,50.0,2016-08-24 12:19:12
427.0,25.0,2016-09-21 18:02:11
427.0,25.0,2018-04-03 21:12:23
427.0,25.0,2018-03-05 20:17:44
427.0,25.0,2017-11-02 15:02:17
428.0,50.0,2017-07-12 14:11:22
428.0,25.0,2017-11-12 12:44:01
428.0,50.0,2018-04-22 17:40:52
430.0,25.0,2018-01-14 17:40:30
432.0,25.0,2017-10-13 17:59:24
432.0,25.0,2016-10-10 13:44:11
432.0,50.0,2016-10-02 22:49:17
432.0,50.0,2016-03-22 21:58:24
432.0,50.0,2018-01-19 14:46:33
432.0,25.0,2017-02-01 15:31:01
433.0,25.0,2018-01-12 21:47:47
433.0,25.0,2018-02-05 16:34:11
433.0,25.0,2018-02-14 12:25:25
434.0,25.0,2018-04-05 22:41:49
434.0,25.0,2018-03-17 12:20:29
434.0,25.0,2018-01-09 12:17:56
435.0,25.0,2018-02-08 16:29:07
435.0,25.0,2018-02-15 11:33:32
435.0,50.0,2018-04-16 16:11:09
436.0,50.0,2017-08-04 22:59:22
436.0,75.0,2018-02-02 22:35:43
437.0,500.0,2018-05-13 18:53:55
437.0,250.0,2018-05-19 14:22:37
441.0,25.0,2016-09-27 21:59:26
441.0,25.0,2017-03-25 16:49:25
441.0,25.0,2018-03-09 20:52:22
441.0,25.0,2017-10-03 21:14:35
444.0,50.0,2016-10-14 12:02:49
444.0,50.0,2018-04-28 16:45:41
444.0,25.0,2016-10-15 19:55:01
444.0,50.0,2017-02-10 13:33:41
444.0,25.0,2017-07-29 21:34:34
444.0,25.0,2016-09-19 12:42:21
444.0,50.0,2017-08-29 18:08:51
444.0,25.0,2016-07-29 16:14:26
445.0,1000.0,2017-04-10 18:45:08
447.0,100.0,2016-12-27 12:42:37
447.0,100.0,2015-12-11 14:10:50
447.0,100.0,2016-04-26 13:42:08
447.0,100.0,2016-03-30 12:26:20
447.0,100.0,2018-02-03 14:03:40
447.0,250.0,2015-02-26 12:05:26
447.0,250.0,2017-08-05 21:05:02
447.0,100.0,2018-02-21 21:12:00
447.0,100.0,2017-12-10 18:47:48
447.0,100.0,2016-09-03 18:58:37
447.0,100.0,2017-02-07 15:40:49
447.0,100.0,2016-09-07 19:48:35
448.0,500.0,2018-01-04 22:19:33
448.0,250.0,2018-04-07 20:50:01
448.0,250.0,2018-04-12 14:47:55
449.0,75.0,2018-03-19 12:05:05
450.0,25.0,2017-03-08 16:40:47
450.0,50.0,2016-12-17 19:28:25
450.0,50.0,2017-07-16 17:03:05
450.0,50.0,2018-03-19 12:36:09
450.0,50.0,2017-07-29 16:26:39
450.0,50.0,2017-09-22 13:03:31
450.0,25.0,2018-05-15 20:19:20
450.0,25.0,2018-01-09 20:29:32
450.0,25.0,2017-11-19 16:05:30
450.0,25.0,2017-04-04 11:09:12
451.0,25.0,2016-10-17 14:36:46
451.0,25.0,2017-05-18 17:56:05
451.0,25.0,2017-01-23 18:58:45
451.0,25.0,2015-03-31 16:14:17
452.0,25.0,2016-01-23 22:07:12
452.0,25.0,2015-12-08 18:25:23
452.0,25.0,2015-12-19 12:18:43
452.0,50.0,2016-10-08 22:56:47
452.0,25.0,2018-04-06 21:06:44
452.0,50.0,2018-04-10 13:51:14
452.0,25.0,2016-04-21 16:33:46
452.0,25.0,2016-01-05 11:12:49
452.0,50.0,2016-06-03 22:43:59
454.0,50.0,2018-03-13 22:01:04
458.0,25.0,2017-11-22 13:02:12
460.0,25.0,2018-02-07 20:26:48
460.0,25.0,2017-10-27 11:58:26
460.0,50.0,2017-08-20 18:01:38
461.0,50.0,2018-05-17 21:30:59
461.0,25.0,2017-05-04 15:20:33
461.0,25.0,2016-12-29 20:40:51
461.0,50.0,2018-05-30 19:32:01
461.0,50.0,2018-05-12 11:30:50
461.0,25.0,2017-08-12 19:58:21
462.0,25.0,2017-06-09 14:18:52
463.0,500.0,2017-12-19 22:08:27
463.0,250.0,2016-02-25 22:10:19
463.0,250.0,2017-07-25 17:07:00
463.0,250.0,2017-10-08 18:04:45
463.0,250.0,2018-01-18 11:00:39
463.0,250.0,2017-03-02 22:24:25
463.0,250.0,2018-01-15 19:25:02
463.0,500.0,2016-01-30 21:26:42
465.0,50.0,2017-10-08 13:30:05
465.0,75.0,2017-06-30 22:08:28
465.0,50.0,2017-12-31 15:49:14
465.0,75.0,2017-01-10 18:53:06
466.0,75.0,2018-03-27 16:31:36
466.0,75.0,2017-08-26 12:44:15
472.0,25.0,2017-11-09 19:55:51
472.0,25.0,2017-09-11 14:20:38
477.0,100.0,2017-07-10 18:12:36
477.0,100.0,2017-09-25 16:16:01
477.0,100.0,2017-05-27 17:02:07
477.0,100.0,2017-03-18 16:08:27
478.0,250.0,2017-05-24 16:48:49
478.0,100.0,2017-03-26 16:38:55
478.0,100.0,2015-07-23 13:53:35
478.0,100.0,2017-09-19 16:51:44
479.0,25.0,2018-03-13 17:16:22
479.0,25.0,2017-09-24 11:53:29
481.0,1500.0,2018-05-01 11:58:17
482.0,25.0,2017-10-05 19:06:33
482.0,25.0,2015-12-18 13:17:40
482.0,25.0,2016-04-17 19:13:26
482.0,50.0,2018-04-05 17:25:08
482.0,25.0,2015-11-22 13:33:31
482.0,50.0,2015-03-01 22:09:59
482.0,25.0,2016-08-20 18:10:21
482.0,25.0,2016-02-02 20:06:08
482.0,50.0,2018-03-19 18:37:42
482.0,50.0,2017-03-24 14:50:20
482.0,25.0,2017-09-08 13:43:23
482.0,50.0,2017-07-26 13:00:23
485.0,50.0,2018-03-16 19:40:34
485.0,50.0,2017-12-04 19:29:34
485.0,50.0,2017-09-07 13:52:19
485.0,75.0,2017-10-13 22:49:13
486.0,50.0,2017-12-11 19:52:05
486.0,25.0,2016-05-10 18:43:39
486.0,50.0,2017-09-19 20:17:44
486.0,25.0,2016-09-24 12:58:13
486.0,25.0,2018-01-28 21:24:44
486.0,25.0,2015-11-30 21:14:22
487.0,25.0,2016-10-29 20:10:03
487.0,50.0,2016-04-03 21:04:28
487.0,50.0,2015-03-10 21:36:37
487.0,25.0,2016-11-23 18:39:45
487.0,50.0,2017-09-20 17:08:37
487.0,25.0,2016-05-11 22:44:21
487.0,50.0,2017-09-03 21:08:06
487.0,25.0,2017-04-09 14:21:13
487.0,25.0,2018-01-26 19:06:41
487.0,25.0,2017-01-10 13:26:22
487.0,50.0,2016-07-04 19:43:23
487.0,50.0,2018-06-03 19:00:32
488.0,500.0,2016-08-18 17:40:42
488.0,500.0,2018-03-16 17:11:22
488.0,500.0,2016-04-29 21:48:57
488.0,500.0,2018-03-16 22:53:02
489.0,100.0,2017-11-08 17:11:51
489.0,250.0,2017-03-15 22:26:06
489.0,250.0,2018-04-18 20:29:49
489.0,250.0,2018-05-31 19:17:31
490.0,25.0,2018-04-21 18:39:09
492.0,25.0,2016-03-17 21:56:39
492.0,25.0,2015-03-05 13:47:12
492.0,25.0,2016-12-22 11:55:21
492.0,25.0,2016-08-06 16:09:02
493.0,50.0,2016-04-25 19:57:06
493.0,25.0,2015-07-04 16:12:11
493.0,25.0,2016-05-23 20:15:43
493.0,25.0,2018-01-04 18:46:42
493.0,50.0,2017-02-15 16:22:50
493.0,50.0,2016-08-18 14:31:32
493.0,25.0,2017-05-02 12:59:05
493.0,25.0,2016-01-03 15:03:11
493.0,25.0,2015-06-02 14:04:06
495.0,25.0,2018-05-22 19:41:00
495.0,25.0,2018-03-11 21:34:36
495.0,50.0,2017-10-23 16:35:45
497.0,25.0,2015-12-05 13:46:25
497.0,50.0,2016-10-26 14:49:29
497.0,50.0,2015-10-22 16:20:22
499.0,25.0,2017-04-14 20:31:41
499.0,25.0,2017-12-07 16:59:32
499.0,25.0,2016-11-06 21:40:29
499.0,25.0,2016-11-25 14:32:04
503.0,100.0,2017-12-14 17:46:59
503.0,100.0,2018-03-15 12:23:33
504.0,25.0,2015-03-12 14:35:52
504.0,25.0,2016-09-29 19:54:32
504.0,25.0,2017-05-01 19:48:23
504.0,25.0,2016-10-17 12:45:03
504.0,25.0,2015-03-06 14:41:06
504.0,50.0,2015-04-04 12:08:45
504.0,25.0,2016-08-20 11:00:36
504.0,50.0,2016-05-16 16:51:22
505.0,75.0,2018-05-06 13:02:35
505.0,100.0,2018-05-12 18:52:53
506.0,1000.0,2017-07-17 18:56:57
506.0,1000.0,2016-11-01 19:55:36
506.0,1000.0,2016-04-05 11:24:21
506.0,1500.0,2017-11-19 22:19:44
506.0,1000.0,2017-02-28 14:41:41
506.0,1000.0,2017-02-06 18:35:31
506.0,1000.0,2018-01-24 12:07:49
506.0,1500.0,2017-12-20 12:10:23
506.0,1000.0,2017-03-07 11:46:57
506.0,1000.0,2016-09-26 17:34:27
506.0,1500.0,2016-03-27 20:28:11
506.0,1000.0,2016-05-21 16:09:19
508.0,25.0,2017-08-23 14:03:30
508.0,50.0,2018-05-25 14:07:48
509.0,50.0,2016-03-01 12:56:55
509.0,25.0,2017-04-01 12:22:11
509.0,25.0,2018-05-24 20:19:23
509.0,25.0,2016-03-23 18:20:37
509.0,25.0,2017-10-30 18:33:04
509.0,25.0,2018-03-02 12:53:50
509.0,25.0,2016-04-26 22:21:14
509.0,50.0,2016-11-11 19:54:44
513.0,25.0,2017-09-02 18:46:18
513.0,25.0,2018-02-07 20:54:09
514.0,50.0,2016-10-04 18:14:59
514.0,25.0,2017-09-08 13:44:00
514.0,25.0,2017-04-15 18:34:15
514.0,25.0,2015-06-12 20:33:42
514.0,50.0,2015-12-22 21:39:48
514.0,25.0,2015-06-22 19:26:59
514.0,50.0,2017-05-03 15:43:23
514.0,50.0,2017-12-02 12:50:08
517.0,500.0,2015-07-22 14:02:24
517.0,500.0,2015-08-01 12:41:53
517.0,1000.0,2017-01-14 18:52:19
517.0,500.0,2016-01-25 21:46:07
517.0,500.0,2017-10-06 18:09:34
517.0,500.0,2017-09-30 14:54:54
517.0,1000.0,2017-01-26 20:53:54
517.0,1000.0,2017-06-24 11:55:14
517.0,500.0,2016-03-04 21:44:03
517.0,500.0,2017-01-31 16:43:52
517.0,500.0,2015-10-09 22:25:23
517.0,500.0,2017-07-27 19:00:44
517.0,1000.0,2018-01-20 16:12:57
517.0,500.0,2017-08-24 15:46:17
517.0,500.0,2017-11-16 13:47:51
517.0,500.0,2018-06-03 14:25:17
517.0,500.0,2016-07-20 11:33:55
517.0,500.0,2015-10-25 16:34:33
517.0,500.0,2017-09-12 20:35:24
517.0,500.0,2017-01-04 18:34:03
526.0,25.0,2016-03-27 12:53:49
526.0,50.0,2018-02-21 15:36:33
526.0,50.0,2016-02-06 11:58:47
526.0,25.0,2016-03-19 11:30:10
526.0,25.0,2016-11-21 22:22:09
526.0,25.0,2017-04-08 18:52:32
527.0,25.0,2017-06-18 12:15:46
527.0,50.0,2017-02-22 19:44:28
528.0,25.0,2017-09-09 17:02:10
528.0,50.0,2018-03-13 16:39:29
528.0,50.0,2017-08-31 15:15:12
528.0,50.0,2017-07-19 22:21:18
529.0,25.0,2016-11-18 12:39:31
529.0,25.0,2017-09-07 19:08:44
530.0,500.0,2017-11-15 14:57:39
530.0,250.0,2018-04-29 17:13:22
530.0,250.0,2018-03-12 15:01:11
531.0,25.0,2018-03-20 15:47:30
531.0,25.0,2017-03-22 13:09:20
531.0,25.0,2017-07-19 13:21:17
532.0,50.0,2017-04-30 19:04:00
532.0,75.0,2016-10-25 17:18:56
532.0,75.0,2016-03-07 18:02:23
532.0,75.0,2016-03-23 18:23:43
532.0,50.0,2017-04-18 15:19:32
532.0,75.0,2017-07-21 17:35:34
532.0,75.0,2015-04-23 16:32:50
532.0,50.0,2018-03-09 16:48:36
533.0,50.0,2016-05-03 17:05:55
533.0,50.0,2015-09-03 12:05:41
533.0,75.0,2015-04-17 19:49:55
533.0,50.0,2018-02-14 15:01:22
533.0,75.0,2015-10-08 12:17:32
533.0,50.0,2018-02-19 20:47:41
533.0,50.0,2016-03-10 17:57:46
533.0,50.0,2016-12-21 20:44:14
534.0,25.0,2017-07-03 18:04:35
534.0,50.0,2017-02-03 13:02:39
534.0,25.0,2017-10-25 21:23:38
534.0,50.0,2016-11-22 13:38:13
537.0,50.0,2016-09-12 21:28:29
537.0,50.0,2016-10-05 22:51:12
537.0,25.0,2015-10-05 18:49:39
537.0,25.0,2017-09-29 11:49:59
537.0,25.0,2016-11-20 21:58:00
537.0,25.0,2017-10-19 18:34:26
539.0,25.0,2017-05-26 18:48:33
539.0,25.0,2017-07-20 14:28:45
539.0,50.0,2017-09-17 18:55:38
539.0,25.0,2016-06-13 11:46:50
539.0,50.0,2017-10-04 14:00:13
539.0,25.0,2018-02-15 18:06:42
539.0,25.0,2016-12-05 12:18:57
539.0,25.0,2016-07-03 11:21:02
540.0,100.0,2018-02-04 15:08:46
540.0,100.0,2018-04-26 20:01:11
540.0,100.0,2018-03-25 15:50:26
541.0,50.0,2017-07-09 18:04:57
541.0,50.0,2017-11-30 18:11:33
541.0,50.0,2015-11-05 12:50:15
541.0,25.0,2017-04-06 12:36:58
541.0,25.0,2018-02-22 18:37:56
541.0,50.0,2016-08-07 13:36:19
542.0,25.0,2017-06-09 19:14:45
542.0,25.0,2017-08-21 15:26:30
542.0,50.0,2017-01-31 18:05:00
542.0,50.0,2018-04-09 17:55:45
543.0,50.0,2017-01-06 11:34:47
543.0,50.0,2018-05-06 19:38:26
543.0,50.0,2017-03-23 19:52:45
543.0,50.0,2018-02-12 21:01:48
543.0,50.0,2017-03-23 17:54:42
543.0,75.0,2018-04-21 12:18:30
545.0,500.0,2017-01-29 16:28:50
545.0,1000.0,2017-01-02 15:52:32
545.0,500.0,2017-09-11 15:55:06
545.0,500.0,2017-03-31 16:52:58
545.0,500.0,2018-01-25 12:21:41
545.0,1000.0,2016-09-01 22:16:00
546.0,25.0,2017-07-04 22:44:12
546.0,25.0,2017-09-19 22:41:17
549.0,500.0,2017-12-29 21:57:41
549.0,250.0,2017-03-04 13:25:29
553.0,2000.0,2017-08-01 22:19:45
553.0,1500.0,2018-04-09 20:17:25
553.0,2000.0,2016-04-10 12:44:46
553.0,1500.0,2015-08-28 17:14:58
553.0,1500.0,2018-01-06 15:50:17
553.0,2000.0,2018-04-26 12:49:22
553.0,1500.0,2017-11-02 11:53:36
553.0,1500.0,2018-03-31 18:10:44
553.0,1500.0,2018-05-13 19:43:27
554.0,100.0,2018-02-08 13:38:16
554.0,250.0,2017-08-28 19:16:55
554.0,250.0,2018-04-12 20:19:49
555.0,25.0,2018-03-20 19:54:18
555.0,50.0,2017-11-10 19:44:11
555.0,25.0,2017-07-26 20:57:41
555.0,25.0,2018-02-03 12:44:33
555.0,50.0,2017-06-26 20:39:19
555.0,50.0,2018-05-22 18:27:21
560.0,25.0,2018-02-13 22:46:28
560.0,25.0,2017-11-21 17:12:15
561.0,100.0,2017-03-29 15:25:13
561.0,100.0,2018-05-03 16:09:01
561.0,100.0,2017-12-03 20:34:53
561.0,250.0,2018-02-08 14:46:21
561.0,100.0,2018-04-06 17:06:37
561.0,100.0,2018-06-03 14:27:47
563.0,50.0,2016-09-09 15:23:28
563.0,25.0,2016-09-20 17:22:13
565.0,50.0,2017-11-25 20:22:06
565.0,25.0,2017-04-03 13:03:32
567.0,50.0,2017-03-17 15:27:55
567.0,25.0,2016-05-09 18:39:50
567.0,25.0,2017-01-15 13:21:58
567.0,25.0,2018-05-19 17:34:22
567.0,50.0,2017-05-18 15:37:15
567.0,50.0,2016-10-01 12:55:17
567.0,50.0,2016-01-06 21:44:38
567.0,25.0,2017-07-17 19:31:36
568.0,25.0,2016-01-02 18:45:02
568.0,25.0,2015-06-16 17:19:10
568.0,25.0,2016-05-28 22:21:08
568.0,50.0,2018-05-08 16:37:54
570.0,25.0,2018-02-25 22:33:51
570.0,25.0,2017-12-12 15:09:56
577.0,25.0,2016-08-08 14:04:49
577.0,50.0,2016-10-20 13:04:20
577.0,50.0,2015-06-29 16:25:22
577.0,25.0,2018-03-01 17:10:09
577.0,25.0,2016-01-25 22:49:46
577.0,50.0,2017-01-10 19:11:49
577.0,25.0,2016-12-19 21:20:19
577.0,50.0,2018-03-21 20:23:35
577.0,50.0,2015-04-24 13:32:55
577.0,25.0,2018-03-18 14:02:18
577.0,50.0,2018-04-11 17:42:12
577.0,50.0,2015-05-14 21:28:50
583.0,50.0,2017-11-20 21:24:56
584.0,100.0,2017-12-20 17:37:07
584.0,100.0,2018-02-11 18:23:09
584.0,100.0,2018-05-03 12:01:46
585.0,50.0,2017-09-06 21:22:23
585.0,50.0,2016-12-14 16:01:11
585.0,50.0,2017-11-11 11:09:42
585.0,50.0,2015-06-29 18:33:05
585.0,25.0,2016-07-03 22:29:47
585.0,50.0,2017-12-06 11:36:42
585.0,25.0,2018-05-11 22:58:14
585.0,25.0,2016-11-07 22:27:43
585.0,50.0,2015-06-28 22:39:01
586.0,1000.0,2016-01-29 19:11:05
586.0,1000.0,2017-02-18 15:42:21
586.0,1000.0,2017-10-21 11:08:32
586.0,1000.0,2016-07-28 20:25:36
586.0,1000.0,2018-03-06 17:47:57
586.0,1000.0,2015-04-08 20:07:08
586.0,1000.0,2016-03-30 15:53:03
586.0,1000.0,2018-03-07 20:12:14
586.0,1000.0,2018-04-21 13:11:13
586.0,1000.0,2017-05-05 11:35:33
586.0,1000.0,2018-05-31 12:57:15
586.0,1500.0,2016-08-26 17:17:22
586.0,1000.0,2017-08-22 22:31:25
586.0,1000.0,2016-12-05 21:06:58
586.0,1000.0,2017-04-11 15:08:51
586.0,1000.0,2017-07-15 21:29:04
589.0,50.0,2018-03-24 20:51:32
590.0,25.0,2017-06-29 11:31:07
590.0,25.0,2017-08-31 16:06:03
591.0,25.0,2017-04-19 12:10:19
591.0,25.0,2016-02-26 20:06:38
591.0,25.0,2017-02-08 11:16:21
592.0,25.0,2018-02-23 18:29:59
593.0,50.0,2017-07-08 11:26:42
593.0,25.0,2016-10-10 21:16:49
593.0,25.0,2017-06-11 18:28:55
593.0,25.0,2016-09-14 12:33:55
594.0,25.0,2018-01-19 11:20:52
594.0,25.0,2018-02-08 22:02:46
595.0,25.0,2017-09-21 15:22:07
595.0,25.0,2018-04-11 11:08:58
595.0,25.0,2018-01-26 11:16:02
595.0,25.0,2016-11-26 14:28:50
595.0,25.0,2017-11-29 12:01:01
595.0,25.0,2017-08-11 13:36:18
595.0,25.0,2018-04-22 16:46:51
595.0,25.0,2017-11-03 14:07:53
596.0,250.0,2016-10-04 16:24:15
596.0,250.0,2017-09-07 14:54:15
596.0,500.0,2017-09-14 11:19:37
596.0,250.0,2018-05-22 14:43:57
598.0,50.0,2017-10-07 14:12:44
598.0,25.0,2018-03-08 15:09:14
598.0,25.0,2018-02-03 13:07:58
598.0,25.0,2017-10-14 19:51:24
599.0,50.0,2017-04-24 17:00:03
599.0,50.0,2017-02-02 17:58:00
599.0,25.0,2017-10-07 17:58:30
599.0,25.0,2017-11-03 20:14:29
599.0,50.0,2018-01-20 12:52:55
599.0,25.0,2017-09-11 20:08:08
599.0,50.0,2017-12-03 20:03:54
599.0,25.0,2017-06-02 17:06:02
600.0,25.0,2017-08-08 13:27:27
600.0,50.0,2016-05-28 13:51:26
600.0,25.0,2018-05-27 17:05:21
600.0,50.0,2018-04-28 11:15:31
601.0,25.0,2015-11-26 20:34:00
601.0,25.0,2017-10-24 12:29:56
601.0,25.0,2016-01-24 19:45:08
601.0,25.0,2015-09-13 13:03:01
602.0,25.0,2018-01-12 21:59:02
602.0,25.0,2018-01-02 16:34:37
603.0,25.0,2018-03-14 21:06:00
603.0,25.0,2017-09-16 19:07:34
603.0,25.0,2017-12-10 16:38:29
603.0,25.0,2018-03-30 19:37:58
603.0,25.0,2017-11-18 19:05:54
603.0,25.0,2017-12-29 20:40:19
607.0,25.0,2015-10-24 22:22:11
607.0,25.0,2015-09-05 21:37:29
607.0,25.0,2015-04-29 15:30:40
607.0,50.0,2018-03-06 18:52:54
607.0,25.0,2017-10-08 16:38:13
607.0,25.0,2017-07-26 21:19:49
607.0,25.0,2015-12-24 12:48:15
607.0,25.0,2015-12-15 17:48:42
607.0,25.0,2018-01-14 22:53:14
607.0,25.0,2018-05-14 11:35:40
607.0,50.0,2017-07-23 15:06:05
607.0,25.0,2016-01-30 13:34:13
608.0,500.0,2018-04-15 22:39:25
608.0,500.0,2016-12-24 14:36:12
608.0,500.0,2017-07-19 19:51:43
610.0,100.0,2017-12-08 18:36:35
610.0,250.0,2018-01-30 13:32:35
610.0,100.0,2018-02-24 18:45:37
611.0,50.0,2017-04-28 19:03:54
611.0,25.0,2017-03-29 18:57:56
611.0,25.0,2018-02-20 12:04:26
611.0,50.0,2017-07-02 17:15:15
611.0,50.0,2016-07-07 21:43:22
611.0,25.0,2017-05-11 15:27:55
611.0,25.0,2016-10-09 20:48:04
611.0,50.0,2016-04-01 11:13:24
611.0,25.0,2016-01-26 15:28:35
613.0,25.0,2016-03-02 22:53:22
613.0,25.0,2017-07-22 12:48:10
613.0,25.0,2016-06-08 13:11:08
613.0,25.0,2017-04-04 22:01:19
613.0,25.0,2016-09-10 16:11:19
613.0,25.0,2017-02-02 13:28:49
613.0,25.0,2018-06-03 12:58:26
613.0,25.0,2016-10-18 15:11:55
613.0,25.0,2016-05-28 17:03:28
616.0,50.0,2017-12-09 13:35:34
616.0,50.0,2017-11-21 19:32:32
616.0,25.0,2018-05-22 11:19:55
617.0,25.0,2018-01-28 20:31:05
617.0,50.0,2018-04-19 16:29:56
617.0,25.0,2018-04-28 22:16:53
617.0,25.0,2018-04-09 19:24:23
618.0,25.0,2018-01-09 12:08:00
618.0,25.0,2018-05-01 13:11:46
618.0,25.0,2018-03-26 12:04:53
619.0,50.0,2018-02-20 13:34:19
619.0,50.0,2018-05-30 11:48:36
619.0,50.0,2018-01-13 19:30:42
619.0,75.0,2018-03-22 17:48:33
622.0,25.0,2017-10-09 21:44:22
622.0,25.0,2016-12-18 19:43:37
622.0,25.0,2017-08-23 21:28:26
622.0,50.0,2017-03-10 22:03:38
622.0,25.0,2016-12-21 12:34:41
622.0,25.0,2016-12-07 18:27:51
623.0,50.0,2018-02-01 13:16:51
623.0,50.0,2016-07-10 11:10:21
623.0,50.0,2018-04-11 18:22:02
625.0,25.0,2017-03-31 13:31:23
625.0,25.0,2018-05-04 15:43:23
626.0,50.0,2017-03-13 21:01:53
626.0,25.0,2018-05-18 17:40:48
627.0,250.0,2017-12-16 13:53:20
627.0,250.0,2017-09-06 21:49:14
628.0,25.0,2018-02-05 11:32:22
628.0,25.0,2018-02-27 17:23:44
629.0,100.0,2015-03-02 20:49:24
629.0,250.0,2018-03-02 18:25:35
629.0,100.0,2016-03-28 22:35:00
629.0,100.0,2017-10-17 14:04:06
630.0,50.0,2018-04-15 17:38:02
630.0,25.0,2017-06-16 12:30:58
631.0,25.0,2017-02-09 15:29:38
634.0,25.0,2018-04-17 22:12:24
634.0,25.0,2017-10-18 16:21:15
634.0,50.0,2018-05-05 12:01:43
634.0,25.0,2017-12-23 13:02:37
638.0,25.0,2015-12-14 13:40:13
638.0,50.0,2016-06-20 12:40:41
638.0,25.0,2018-02-14 20:57:36
638.0,25.0,2015-05-10 13:37:56
638.0,25.0,2018-02-09 22:29:04
638.0,25.0,2017-02-11 11:39:03
640.0,25.0,2017-02-01 16:44:25
640.0,25.0,2016-07-19 17:18:57
640.0,25.0,2016-08-13 12:04:37
640.0,25.0,2017-02-11 13:28:25
641.0,500.0,2018-01-27 22:48:35
641.0,500.0,2016-09-01 20:36:06
641.0,500.0,2017-07-31 16:44:54
641.0,500.0,2017-08-31 20:23:27
641.0,500.0,2016-08-09 17:19:32
641.0,500.0,2017-02-10 22:11:59
641.0,500.0,2017-02-05 20:31:42
641.0,500.0,2017-09-19 15:11:25
642.0,50.0,2018-04-29 16:39:23
642.0,25.0,2017-08-07 20:47:31
642.0,25.0,2016-10-09 22:45:03
642.0,25.0,2016-11-27 14:24:32
643.0,500.0,2018-02-06 22:33:03
643.0,1000.0,2016-12-13 21:53:13
643.0,500.0,2015-02-27 16:43:27
643.0,500.0,2017-10-05 16:35:38
643.0,500.0,2017-12-26 11:44:53
643.0,1000.0,2016-05-04 13:18:17
643.0,500.0,2016-12-07 11:25:05
643.0,500.0,2016-08-18 19:58:45
647.0,50.0,2016-07-09 20:49:43
647.0,75.0,2015-07-28 13:06:40
647.0,50.0,2016-11-06 16:51:11
647.0,50.0,2015-02-16 20:42:55
650.0,75.0,2018-05-18 17:38:03
651.0,25.0,2017-10-11 20:38:31
651.0,25.0,2017-10-05 17:06:05
653.0,25.0,2017-01-24 16:10:14
653.0,50.0,2017-08-13 18:38:12
654.0,500.0,2017-07-04 11:41:20
654.0,500.0,2015-11-17 12:33:23
654.0,1000.0,2015-05-12 19:40:00
654.0,1000.0,2017-02-18 18:11:03
654.0,500.0,2015-11-07 14:44:11
654.0,1000.0,2016-02-21 13:55:42
654.0,1000.0,2017-10-03 11:05:32
654.0,1000.0,2016-10-26 17:56:43
654.0,500.0,2015-08-25 15:37:17
655.0,500.0,2016-05-20 21:06:30
655.0,500.0,2015-03-14 19:05:07
655.0,500.0,2016-04-13 15:58:41
655.0,500.0,2016-07-14 12:51:12
655.0,500.0,2017-01-30 13:54:49
655.0,1000.0,2017-06-30 13:52:27
655.0,500.0,2017-12-09 17:20:07
655.0,500.0,2017-05-09 11:43:58
655.0,500.0,2017-04-06 11:35:32
658.0,25.0,2017-02-16 22:14:47
658.0,25.0,2017-01-31 13:06:53
658.0,25.0,2017-04-03 21:01:38
658.0,25.0,2017-12-17 18:42:01
658.0,50.0,2017-08-16 18:40:13
658.0,25.0,2017-05-18 17:40:16
658.0,50.0,2017-02-26 21:27:37
658.0,25.0,2018-04-24 22:44:09
659.0,25.0,2016-08-02 18:48:56
659.0,25.0,2017-10-24 22:31:43
659.0,25.0,2017-12-09 17:40:04
659.0,25.0,2017-12-06 12:11:24
659.0,25.0,2016-12-01 13:27:56
659.0,50.0,2016-11-24 12:00:37
660.0,2000.0,2016-06-07 12:36:13
660.0,2000.0,2015-04-01 19:53:39
660.0,1500.0,2017-09-03 11:05:02
660.0,1500.0,2017-09-11 18:55:20
660.0,1500.0,2015-05-16 16:18:17
660.0,1500.0,2016-06-17 22:12:57
660.0,2000.0,2017-03-04 13:25:37
660.0,2000.0,2015-12-03 12:37:29
661.0,25.0,2017-09-23 13:21:40
662.0,25.0,2018-01-21 14:27:57
662.0,25.0,2018-03-03 11:47:37
663.0,25.0,2018-04-20 21:12:38
663.0,25.0,2018-02-03 19:57:20
663.0,25.0,2018-02-28 11:45:15
664.0,25.0,2018-03-30 20:37:13
665.0,50.0,2017-11-25 21:01:28
666.0,1500.0,2018-04-14 22:59:59
666.0,2000.0,2018-04-15 21:59:18
666.0,1500.0,2017-01-03 21:59:28
666.0,1500.0,2016-04-27 19:31:38
666.0,2000.0,2017-05-27 14:08:41
666.0,1500.0,2017-11-09 12:52:27
666.0,2000.0,2017-05-04 14:30:33
666.0,1500.0,2015-06-17 18:06:26
666.0,2000.0,2017-07-02 17:04:25
666.0,1500.0,2015-04-30 19:31:16
666.0,2000.0,2015-11-07 22:45:52
666.0,1500.0,2017-05-27 20:13:47
666.0,1500.0,2018-04-29 20:17:47
666.0,2000.0,2017-06-14 13:00:18
666.0,2000.0,2017-04-14 22:34:27
666.0,1500.0,2017-12-28 13:55:04
666.0,1500.0,2015-04-23 12:45:50
666.0,1500.0,2016-04-25 21:58:18
666.0,1500.0,2015-05-17 22:35:52
666.0,2000.0,2016-06-18 22:37:55
667.0,25.0,2018-04-07 22:45:29
671.0,50.0,2018-05-29 18:43:59
671.0,25.0,2017-08-20 20:45:59
672.0,25.0,2018-01-19 14:05:38
672.0,25.0,2017-01-06 19:48:56
672.0,25.0,2017-06-11 18:10:51
672.0,50.0,2017-10-30 13:23:49
673.0,100.0,2016-02-11 15:25:59
673.0,75.0,2016-07-04 17:29:58
673.0,75.0,2017-08-02 17:52:02
673.0,75.0,2018-02-05 21:33:24
674.0,75.0,2018-01-06 15:51:01
675.0,50.0,2017-11-06 19:45:27
675.0,25.0,2018-02-16 20:25:58
678.0,25.0,2017-05-16 19:07:43
678.0,25.0,2017-08-15 18:06:39
678.0,25.0,2017-12-26 15:07:52
678.0,25.0,2016-12-08 20:57:03
679.0,250.0,2017-12-11 13:46:22
679.0,250.0,2017-11-14 16:07:09
680.0,25.0,2016-09-05 14:33:11
680.0,25.0,2017-06-29 17:56:20
680.0,25.0,2017-04-28 20:26:56
680.0,50.0,2016-07-18 21:27:50
680.0,25.0,2017-10-10 19:33:52
680.0,25.0,2016-04-08 15:01:53
681.0,25.0,2016-11-12 17:11:42
681.0,25.0,2017-06-16 21:55:34
683.0,50.0,2015-07-10 21:02:55
683.0,25.0,2016-04-19 22:36:47
683.0,25.0,2016-04-08 15:40:54
683.0,25.0,2016-06-16 21:01:25
684.0,25.0,2015-05-15 15:57:53
684.0,25.0,2017-02-01 22:51:28
684.0,25.0,2015-06-01 15:33:22
684.0,50.0,2017-05-12 14:51:44
684.0,25.0,2015-03-27 14:35:42
684.0,25.0,2015-04-09 12:07:00
684.0,25.0,2017-07-20 11:08:25
684.0,25.0,2016-12-03 17:28:19
684.0,50.0,2016-06-30 14:05:29
684.0,25.0,2017-07-09 17:14:23
684.0,50.0,2016-11-27 11:23:30
684.0,25.0,2016-12-01 16:37:47
684.0,25.0,2015-08-05 16:35:08
684.0,25.0,2018-04-07 11:55:39
684.0,25.0,2018-04-14 13:23:46
684.0,50.0,2017-08-17 18:15:03
684.0,25.0,2018-01-24 17:36:58
684.0,25.0,2016-11-17 22:23:57
684.0,50.0,2017-05-30 15:30:52
684.0,50.0,2017-03-17 22:28:58
684.0,50.0,2015-08-23 14:42:34
684.0,50.0,2015-04-06 14:19:51
684.0,25.0,2015-09-10 12:13:32
684.0,25.0,2016-09-23 13:16:10
684.0,50.0,2016-07-30 13:21:20
684.0,25.0,2017-09-03 19:49:02
684.0,25.0,2016-01-03 22:05:49
684.0,50.0,2015-02-11 19:01:18
688.0,1000.0,2018-06-01 19:22:45
688.0,500.0,2018-04-17 14:15:25
688.0,500.0,2018-03-25 18:42:50
688.0,1000.0,2018-04-04 13:43:44
689.0,50.0,2018-04-01 22:34:31
690.0,250.0,2016-05-31 11:32:15
690.0,500.0,2017-05-19 21:24:33
690.0,500.0,2017-08-21 20:54:22
690.0,500.0,2015-02-19 21:12:32
692.0,25.0,2018-03-29 16:58:57
692.0,25.0,2016-06-16 13:17:01
692.0,25.0,2018-02-08 16:23:26
692.0,25.0,2016-10-12 21:59:52
692.0,25.0,2015-12-29 16:49:11
692.0,25.0,2017-12-10 18:41:10
692.0,50.0,2018-05-06 22:35:10
692.0,25.0,2016-11-20 18:18:25
692.0,25.0,2015-11-15 22:31:02
693.0,25.0,2017-05-18 17:23:12
693.0,50.0,2017-05-20 12:18:52
693.0,25.0,2018-01-10 13:08:13
693.0,25.0,2017-05-11 18:59:33
693.0,50.0,2018-03-28 18:07:39
693.0,25.0,2017-10-13 11:47:29
695.0,50.0,2018-05-28 15:50:05
695.0,25.0,2018-03-12 20:16:14
695.0,50.0,2017-10-27 15:26:21
695.0,25.0,2017-05-21 11:56:08
695.0,50.0,2018-04-27 15:49:20
695.0,25.0,2016-05-16 22:02:16
695.0,25.0,2017-04-09 16:24:46
695.0,25.0,2015-10-16 14:26:59
695.0,25.0,2018-03-29 15:53:43
695.0,25.0,2017-11-03 21:09:23
695.0,25.0,2017-03-20 12:27:43
695.0,50.0,2016-05-09 17:35:39
695.0,50.0,2017-08-21 22:43:46
695.0,25.0,2016-02-20 18:05:47
695.0,25.0,2017-07-08 14:32:44
695.0,25.0,2016-02-10 21:19:30
695.0,25.0,2017-07-28 11:45:55
695.0,50.0,2016-09-23 22:37:04
697.0,25.0,2018-05-29 16:40:54
698.0,25.0,2018-01-03 11:10:45
698.0,50.0,2018-03-26 17:12:16
698.0,25.0,2017-05-05 14:45:39
698.0,25.0,2017-07-21 17:00:08
698.0,50.0,2016-12-19 22:51:22
698.0,50.0,2017-02-23 20:25:49
701.0,25.0,2018-02-06 19:43:16
701.0,50.0,2017-12-20 18:30:59
702.0,25.0,2017-03-28 12:37:50
706.0,25.0,2017-10-04 15:54:14
706.0,25.0,2017-08-16 11:39:16
706.0,25.0,2018-04-25 20:02:22
709.0,25.0,2017-03-27 22:22:42
709.0,25.0,2018-05-02 12:14:04
709.0,25.0,2017-05-30 17:40:09
710.0,25.0,2016-01-09 11:01:03
710.0,25.0,2015-07-12 12:21:08
710.0,25.0,2018-05-04 16:09:45
710.0,25.0,2015-11-07 13:06:24
710.0,50.0,2016-07-22 15:36:03
710.0,25.0,2016-09-16 22:18:39
715.0,250.0,2016-12-04 17:30:03
715.0,250.0,2015-10-27 13:04:23
715.0,500.0,2016-10-19 16:29:47
715.0,500.0,2017-03-09 18:28:35
715.0,500.0,2016-11-11 19:09:29
715.0,500.0,2018-02-09 22:59:44
715.0,250.0,2016-02-25 20:27:33
715.0,250.0,2018-03-13 12:12:37
715.0,250.0,2016-05-03 11:38:03
715.0,250.0,2016-02-26 15:21:40
715.0,500.0,2016-10-25 14:40:34
715.0,250.0,2016-05-19 12:33:28
716.0,25.0,2018-01-26 20:08:00
717.0,50.0,2018-05-13 22:06:06
717.0,75.0,2017-09-20 18:15:07
717.0,50.0,2017-12-25 19:29:10
719.0,100.0,2017-06-30 13:29:23
719.0,75.0,2016-10-06 16:32:16
720.0,1500.0,2018-04-17 19:08:19
720.0,1500.0,2018-01-10 17:25:49
722.0,25.0,2017-03-26 22:20:06
722.0,25.0,2017-04-05 14:10:05
722.0,25.0,2017-07-09 21:01:42
722.0,50.0,2017-03-07 13:34:46
722.0,25.0,2018-03-19 21:26:46
722.0,50.0,2017-02-09 21:20:22
722.0,25.0,2017-06-15 16:17:38
722.0,50.0,2017-02-11 15:44:29
722.0,25.0,2016-12-18 15:37:57
722.0,25.0,2017-01-19 13:20:48
724.0,1500.0,2017-10-31 14:24:13
724.0,2000.0,2018-06-02 20:40:16
724.0,1500.0,2018-02-10 13:08:34
724.0,1500.0,2017-12-06 11:47:32
727.0,50.0,2016-10-10 21:41:01
727.0,25.0,2018-01-31 11:21:31
728.0,25.0,2017-06-29 21:08:01
728.0,50.0,2017-11-29 17:52:39
728.0,50.0,2017-05-08 15:56:42
728.0,50.0,2017-04-23 20:33:04
730.0,25.0,2017-10-26 22:10:43
730.0,25.0,2017-09-24 14:23:17
731.0,500.0,2017-07-28 17:46:44
731.0,1000.0,2018-03-29 15:35:45
731.0,1000.0,2017-11-27 18:59:50
732.0,250.0,2017-10-23 15:36:20
732.0,250.0,2018-02-23 13:49:08
733.0,25.0,2017-07-13 21:05:02
733.0,50.0,2018-01-24 21:17:05
733.0,25.0,2017-12-03 20:05:16
733.0,25.0,2017-09-28 14:47:55
735.0,100.0,2017-10-27 21:51:51
735.0,100.0,2015-07-24 20:17:18
735.0,100.0,2017-04-27 13:34:22
735.0,100.0,2016-04-18 18:06:24
735.0,250.0,2015-11-05 21:46:41
735.0,100.0,2016-08-03 22:55:17
735.0,250.0,2017-08-03 18:27:42
735.0,100.0,2017-01-20 17:47:18
735.0,250.0,2017-10-19 17:17:04
735.0,250.0,2016-08-29 11:36:58
735.0,250.0,2015-12-01 16:17:05
735.0,250.0,2017-08-08 17:55:27
735.0,100.0,2015-07-01 22:54:38
735.0,250.0,2017-09-04 21:33:40
735.0,100.0,2017-12-04 18:26:18
740.0,1000.0,2018-03-31 13:11:00
740.0,1500.0,2017-12-17 22:58:26
740.0,1500.0,2017-03-21 18:47:07
740.0,1000.0,2016-10-09 15:00:21
741.0,25.0,2017-12-10 19:31:50
741.0,25.0,2018-03-03 20:15:28
741.0,25.0,2018-04-11 20:11:40
741.0,25.0,2016-11-22 21:51:09
741.0,25.0,2018-05-14 19:40:02
741.0,25.0,2017-03-19 18:09:09
742.0,25.0,2018-02-23 19:58:35
742.0,25.0,2017-05-04 20:26:10
744.0,25.0,2018-05-06 21:56:00
744.0,25.0,2018-04-13 21:42:26
744.0,25.0,2018-05-02 17:30:01
746.0,100.0,2017-08-06 11:16:57
746.0,100.0,2017-10-14 12:04:38
746.0,100.0,2018-01-07 22:05:50
746.0,100.0,2018-05-05 22:38:48
749.0,50.0,2016-10-14 12:32:04
749.0,50.0,2017-05-15 15:35:16
749.0,25.0,2018-03-30 20:23:21
749.0,25.0,2018-01-09 22:22:08
749.0,50.0,2018-04-08 12:41:57
749.0,25.0,2016-12-18 16:30:59
753.0,25.0,2017-06-07 19:40:10
755.0,50.0,2017-06-26 18:37:13
757.0,25.0,2016-11-15 16:38:16
757.0,50.0,2017-03-19 20:56:19
757.0,25.0,2016-07-07 19:00:24
757.0,25.0,2016-06-08 18:37:38
762.0,500.0,2018-02-13 22:32:42
762.0,250.0,2017-10-08 15:50:03
762.0,500.0,2018-05-14 22:02:33
763.0,25.0,2018-03-17 20:45:43
763.0,25.0,2017-07-02 21:12:38
763.0,25.0,2017-11-30 11:06:08
763.0,50.0,2015-12-25 21:31:16
763.0,25.0,2016-12-18 14:08:35
763.0,25.0,2016-03-24 16:58:44
764.0,500.0,2018-04-29 18:13:34
764.0,500.0,2018-01-13 18:39:31
766.0,250.0,2018-04-13 21:54:32
766.0,250.0,2018-05-19 18:06:51
767.0,25.0,2017-07-26 18:24:35
767.0,25.0,2016-01-07 12:24:54
767.0,25.0,2015-06-18 18:05:54
767.0,25.0,2017-06-26 11:45:32
767.0,25.0,2018-02-25 21:49:44
767.0,25.0,2016-11-13 13:11:48
767.0,25.0,2016-12-23 19:42:11
767.0,25.0,2016-02-01 19:13:47
767.0,25.0,2018-03-01 15:39:03
767.0,25.0,2017-03-27 21:48:17
767.0,25.0,2017-09-25 18:43:25
767.0,25.0,2018-04-16 14:08:10
769.0,250.0,2017-07-04 19:52:55
770.0,25.0,2018-02-15 17:45:59
770.0,25.0,2018-05-21 22:16:27
770.0,25.0,2015-08-19 18:47:40
770.0,25.0,2017-11-05 17:04:23
770.0,25.0,2017-11-23 17:15:10
770.0,50.0,2016-04-30 14:32:41
776.0,25.0,2017-09-22 13:33:02
776.0,50.0,2017-04-11 12:01:18
777.0,25.0,2016-12-15 20:35:36
777.0,25.0,2018-03-20 14:48:34
778.0,25.0,2017-12-01 15:06:46
778.0,25.0,2018-04-06 15:48:06
779.0,500.0,2018-03-16 15:12:12
779.0,500.0,2016-12-24 22:44:13
779.0,500.0,2016-11-13 20:01:26
779.0,500.0,2018-04-06 17:37:57
779.0,500.0,2018-03-23 13:50:05
779.0,500.0,2017-01-14 15:05:00
780.0,25.0,2018-02-13 11:39:20
780.0,25.0,2018-04-08 12:41:42
780.0,25.0,2017-06-13 12:15:21
780.0,25.0,2016-12-04 17:46:33
780.0,50.0,2018-01-29 15:08:20
780.0,50.0,2017-02-03 16:18:07
781.0,1000.0,2017-03-17 19:22:09
781.0,1000.0,2015-07-10 21:53:58
781.0,1000.0,2016-02-06 12:38:19
781.0,1500.0,2016-08-13 21:29:52
781.0,1000.0,2018-05-27 20:43:41
781.0,1000.0,2016-11-06 15:50:16
781.0,1000.0,2017-12-10 17:05:45
781.0,1000.0,2016-04-21 20:21:09
782.0,1500.0,2017-11-07 16:29:20
784.0,25.0,2015-03-27 11:46:51
784.0,50.0,2017-09-07 18:17:21
784.0,25.0,2015-08-28 13:25:37
784.0,25.0,2015-12-17 19:09:30
786.0,50.0,2017-10-16 22:24:31
786.0,75.0,2018-05-04 20:49:31
786.0,50.0,2016-08-10 18:03:17
786.0,50.0,2016-11-04 18:13:24
787.0,25.0,2017-11-24 19:39:02
787.0,25.0,2017-05-11 18:26:38
787.0,50.0,2018-04-25 14:06:41
788.0,25.0,2018-04-01 20:13:00
788.0,25.0,2017-12-26 19:26:02
789.0,1000.0,2017-11-30 17:42:40
789.0,1500.0,2018-05-20 16:16:00
789.0,1000.0,2018-04-03 19:52:57
790.0,50.0,2018-02-12 14:14:39
790.0,25.0,2017-01-29 12:42:27
790.0,25.0,2017-04-14 17:13:21
790.0,25.0,2018-04-01 13:44:52
791.0,25.0,2016-12-20 13:36:06
791.0,25.0,2016-05-31 14:30:35
791.0,25.0,2017-09-20 16:00:46
791.0,25.0,2016-12-15 13:26:02
792.0,50.0,2017-12-17 17:07:14
798.0,25.0,2018-01-28 14:59:53
800.0,50.0,2017-11-23 12:26:08
800.0,50.0,2015-12-19 14:40:31
800.0,25.0,2015-09-13 14:11:08
800.0,50.0,2017-03-29 15:31:54
800.0,25.0,2015-12-21 13:09:21
800.0,25.0,2016-07-09 12:59:26
802.0,100.0,2018-03-08 14:08:35
802.0,250.0,2017-10-03 12:32:33
802.0,100.0,2018-04-30 13:52:27
802.0,100.0,2018-01-07 22:47:19
803.0,25.0,2017-07-12 11:51:33
803.0,50.0,2018-04-02 13:29:54
803.0,50.0,2017-02-13 16:49:03
803.0,25.0,2017-10-29 15:40:49
804.0,1000.0,2017-12-09 22:15:13
804.0,1500.0,2017-02-28 14:04:03
804.0,1000.0,2016-09-05 11:06:41
804.0,1000.0,2017-11-04 13:29:43
805.0,25.0,2016-04-18 20:18:34
805.0,50.0,2018-05-20 18:34:39
805.0,25.0,2016-08-25 14:01:24
805.0,25.0,2016-03-11 17:09:19
805.0,25.0,2016-09-11 15:20:43
805.0,25.0,2016-04-03 18:10:56
806.0,25.0,2018-03-18 22:45:32
806.0,50.0,2016-12-12 21:19:14
806.0,25.0,2018-02-11 19:04:30
806.0,25.0,2017-08-13 15:52:23
806.0,25.0,2016-05-08 19:56:42
806.0,25.0,2016-10-29 22:22:41
806.0,25.0,2018-01-05 11:41:24
806.0,50.0,2017-04-14 13:56:49
809.0,50.0,2018-04-08 19:21:00
809.0,50.0,2018-02-01 22:49:57
809.0,50.0,2016-06-15 19:09:08
809.0,50.0,2017-01-19 21:36:19
809.0,50.0,2016-05-06 20:37:03
809.0,25.0,2017-10-07 13:17:00
810.0,250.0,2018-03-04 22:51:09
810.0,250.0,2017-10-05 16:02:25
812.0,250.0,2018-04-25 17:41:18
812.0,100.0,2018-01-22 22:45:00
814.0,50.0,2015-05-20 14:38:41
814.0,25.0,2015-12-28 18:51:24
814.0,25.0,2015-06-05 17:19:02
814.0,25.0,2015-07-29 16:31:04
814.0,25.0,2016-02-23 14:27:47
814.0,50.0,2016-01-23 11:06:34
814.0,25.0,2015-11-26 19:40:11
814.0,25.0,2016-12-03 19:29:00
814.0,50.0,2016-03-05 16:26:23
817.0,100.0,2017-08-31 14:39:39
819.0,75.0,2017-09-24 13:42:46
819.0,100.0,2016-06-25 18:04:35
819.0,100.0,2016-09-20 22:04:11
819.0,75.0,2015-06-02 22:22:00
819.0,75.0,2016-01-17 11:21:09
819.0,75.0,2016-10-18 13:52:00
820.0,50.0,2017-10-22 22:48:27
821.0,50.0,2017-08-09 14:29:08
821.0,50.0,2017-11-27 19:49:42
826.0,250.0,2018-04-24 14:44:11
826.0,500.0,2018-03-02 16:51:08
826.0,250.0,2017-10-07 20:29:33
827.0,25.0,2017-09-07 13:34:19
827.0,25.0,2018-05-03 20:16:39
827.0,25.0,2016-12-26 22:03:08
827.0,25.0,2017-01-25 12:05:18
827.0,50.0,2016-03-17 22:06:43
827.0,25.0,2016-12-19 21:31:32
830.0,50.0,2017-12-29 21:47:44
830.0,25.0,2018-03-20 17:44:52
830.0,50.0,2016-08-23 13:16:30
830.0,50.0,2017-06-13 18:40:24
830.0,25.0,2018-02-12 14:48:05
830.0,25.0,2016-05-15 19:41:42
832.0,25.0,2018-02-24 16:26:10
832.0,25.0,2017-08-20 18:32:52
834.0,250.0,2018-01-07 14:29:00
834.0,250.0,2017-03-24 13:33:06
834.0,100.0,2018-01-24 20:26:28
834.0,100.0,2017-01-28 12:29:52
834.0,100.0,2017-11-01 19:43:11
834.0,100.0,2016-12-10 18:26:44
834.0,100.0,2017-10-15 21:43:23
834.0,100.0,2018-03-21 15:29:39
834.0,250.0,2017-05-25 17:31:29
834.0,250.0,2017-10-08 14:31:58
836.0,25.0,2017-10-08 11:15:02
837.0,50.0,2016-06-21 17:02:07
837.0,25.0,2016-12-15 11:59:27
837.0,25.0,2016-10-25 20:43:07
837.0,25.0,2015-08-13 19:56:31
837.0,25.0,2018-04-19 22:13:36
837.0,25.0,2017-04-09 19:45:14
837.0,25.0,2017-06-08 20:13:42
837.0,25.0,2017-01-12 22:52:00
837.0,50.0,2016-12-26 12:53:30
837.0,50.0,2017-07-26 21:37:52
837.0,25.0,2017-10-11 22:17:53
837.0,50.0,2016-05-16 18:02:21
838.0,50.0,2018-01-22 16:12:47
839.0,25.0,2017-12-27 21:01:56
840.0,50.0,2018-01-13 13:57:25
840.0,25.0,2018-05-09 11:19:47
841.0,50.0,2017-11-30 15:17:14
841.0,25.0,2018-05-30 15:25:25
841.0,25.0,2017-12-01 13:45:11
842.0,25.0,2018-04-12 14:04:26
842.0,25.0,2018-01-28 11:28:57
842.0,50.0,2018-05-27 17:53:38
842.0,25.0,2018-04-07 20:43:09
843.0,500.0,2018-05-11 17:12:16
843.0,250.0,2016-04-10 13:23:10
843.0,250.0,2017-06-23 19:00:06
844.0,50.0,2017-07-26 19:31:17
845.0,25.0,2017-04-26 18:47:37
845.0,25.0,2017-08-24 21:19:04
845.0,50.0,2018-01-25 21:19:54
845.0,25.0,2016-07-03 20:11:30
846.0,50.0,2016-12-11 15:29:10
846.0,25.0,2017-05-26 19:42:49
846.0,50.0,2016-08-16 11:20:37
846.0,50.0,2017-01-25 16:29:26
846.0,25.0,2017-03-27 11:04:09
846.0,25.0,2018-04-17 13:43:54
847.0,500.0,2016-10-22 15:43:19
847.0,500.0,2017-03-04 17:03:30
847.0,500.0,2017-10-28 13:48:10
847.0,1000.0,2018-03-25 22:40:10
847.0,500.0,2017-03-14 20:50:11
847.0,500.0,2017-09-17 16:04:46
847.0,500.0,2015-12-19 17:32:52
847.0,1000.0,2016-08-26 11:01:02
847.0,500.0,2016-02-18 14:14:01
847.0,1000.0,2016-09-19 12:42:08
847.0,1000.0,2015-07-29 17:18:42
847.0,500.0,2018-03-15 14:40:10
849.0,50.0,2018-05-23 21:19:05
849.0,25.0,2018-02-15 14:50:56
851.0,50.0,2016-09-08 15:25:41
851.0,25.0,2017-01-18 13:17:50
851.0,25.0,2016-09-16 14:46:04
851.0,25.0,2016-06-12 22:48:58
851.0,25.0,2018-01-10 13:48:57
851.0,50.0,2017-04-12 11:24:47
852.0,25.0,2017-10-05 14:55:51
852.0,25.0,2017-09-02 18:23:35
852.0,25.0,2017-10-06 20:40:36
853.0,50.0,2017-07-12 11:58:38
853.0,50.0,2017-04-11 16:57:46
853.0,25.0,2016-07-21 14:05:25
853.0,25.0,2018-04-27 14:17:29
853.0,50.0,2015-03-29 11:58:45
853.0,25.0,2017-07-04 14:09:57
853.0,25.0,2017-01-01 16:24:23
853.0,25.0,2018-01-23 15:43:36
853.0,50.0,2016-10-29 14:14:51
854.0,25.0,2017-08-08 19:35:48
854.0,25.0,2017-09-16 21:27:28
855.0,25.0,2017-11-30 20:39:39
855.0,50.0,2018-05-08 14:13:09
855.0,50.0,2018-04-15 16:15:03
855.0,25.0,2018-05-11 21:02:55
855.0,25.0,2017-01-24 15:40:03
855.0,50.0,2017-11-06 20:34:24
856.0,50.0,2018-03-21 12:29:56
856.0,50.0,2018-02-14 15:49:03
856.0,50.0,2018-03-16 21:57:27
856.0,50.0,2018-04-30 22:21:07
857.0,50.0,2017-07-28 13:28:53
857.0,50.0,2017-05-27 16:38:14
857.0,25.0,2017-11-04 18:11:40
857.0,25.0,2018-05-14 18:54:21
858.0,25.0,2015-04-24 11:30:31
858.0,25.0,2017-04-14 22:43:13
858.0,25.0,2016-12-23 16:24:56
858.0,25.0,2017-03-05 12:07:16
858.0,25.0,2017-11-24 19:20:55
858.0,50.0,2018-02-07 21:58:57
858.0,50.0,2017-01-11 21:51:11
858.0,25.0,2016-12-15 17:56:12
858.0,25.0,2016-02-03 20:10:31
858.0,50.0,2015-05-12 20:34:42
858.0,50.0,2017-09-17 11:59:16
858.0,50.0,2016-11-13 15:45:06
858.0,25.0,2016-10-22 17:01:51
858.0,25.0,2015-12-02 18:58:02
858.0,25.0,2017-10-03 16:47:48
858.0,50.0,2015-03-10 14:12:31
859.0,50.0,2017-09-04 22:09:57
859.0,50.0,2016-01-04 17:43:54
859.0,25.0,2016-02-28 22:43:38
859.0,25.0,2016-09-03 19:28:17
859.0,25.0,2018-03-17 17:21:24
859.0,25.0,2015-06-21 19:31:07
859.0,25.0,2018-05-22 15:28:40
859.0,25.0,2017-03-07 13:02:09
859.0,50.0,2015-09-25 15:10:46
860.0,25.0,2017-12-13 21:49:15
860.0,25.0,2018-01-30 16:29:22
860.0,25.0,2017-12-07 19:24:17
860.0,25.0,2017-11-02 12:02:17
860.0,25.0,2018-05-17 17:58:35
862.0,50.0,2017-08-29 21:09:50
862.0,50.0,2017-09-11 16:50:11
862.0,50.0,2018-04-24 22:02:06
863.0,25.0,2018-02-01 17:57:21
864.0,25.0,2018-01-21 21:17:10
864.0,50.0,2017-11-23 16:22:39
864.0,25.0,2018-02-21 11:27:17
866.0,50.0,2018-06-02 13:16:20
867.0,25.0,2017-04-12 18:29:07
867.0,25.0,2017-07-22 18:31:59
867.0,25.0,2017-04-21 16:43:32
867.0,25.0,2017-01-29 22:35:56
868.0,1500.0,2018-02-09 22:36:13
868.0,1000.0,2017-10-20 18:20:54
868.0,1000.0,2017-11-15 18:30:46
868.0,1000.0,2018-04-19 17:59:31
869.0,50.0,2017-08-16 17:05:55
869.0,50.0,2018-04-17 19:26:42
870.0,50.0,2016-05-27 12:33:21
870.0,50.0,2016-06-06 19:35:42
870.0,25.0,2016-11-03 22:55:47
870.0,25.0,2015-02-14 21:53:32
873.0,1000.0,2018-02-20 15:36:33
873.0,1000.0,2018-05-26 22:14:07
873.0,1000.0,2018-01-03 16:07:58
876.0,25.0,2015-04-18 22:22:42
876.0,25.0,2015-08-31 20:22:52
876.0,25.0,2016-06-02 20:51:48
876.0,25.0,2017-05-17 13:30:46
876.0,25.0,2015-10-14 16:20:49
876.0,25.0,2016-01-07 14:53:48
876.0,25.0,2015-12-24 11:53:29
876.0,25.0,2015-08-05 11:07:02
876.0,50.0,2018-03-29 11:49:02
876.0,50.0,2015-09-08 12:02:43
876.0,50.0,2015-03-07 20:39:16
876.0,25.0,2017-04-05 11:30:46
877.0,25.0,2018-04-25 13:33:36
877.0,25.0,2018-05-22 19:58:22
880.0,25.0,2018-01-30 11:15:03
882.0,50.0,2018-01-14 17:37:41
883.0,50.0,2016-01-02 13:30:42
883.0,25.0,2015-04-21 15:56:10
883.0,50.0,2017-07-12 20:55:49
883.0,25.0,2018-02-13 14:37:05
884.0,1000.0,2018-01-27 13:47:08
884.0,1000.0,2016-04-09 19:50:53
884.0,1500.0,2017-01-20 15:09:21
886.0,500.0,2017-11-19 16:00:23
886.0,500.0,2017-12-02 21:58:50
886.0,500.0,2017-12-28 15:20:21
887.0,25.0,2015-05-17 15:42:46
887.0,25.0,2017-11-01 12:02:56
887.0,50.0,2017-07-05 22:00:24
887.0,25.0,2016-06-07 22:37:35
889.0,25.0,2016-10-04 19:57:46
889.0,50.0,2017-09-11 22:14:28
889.0,50.0,2016-12-03 19:29:28
889.0,25.0,2018-02-25 18:06:36
889.0,25.0,2016-07-20 14:30:48
889.0,25.0,2018-01-16 22:56:11
889.0,25.0,2017-03-19 17:06:09
889.0,50.0,2018-02-22 20:49:23
889.0,50.0,2017-04-22 22:33:48
889.0,50.0,2018-05-13 21:44:58
891.0,1000.0,2018-03-24 14:58:16
893.0,100.0,2017-07-24 21:54:20
894.0,50.0,2017-09-20 18:34:01
894.0,25.0,2018-02-14 20:19:27
894.0,25.0,2018-05-14 15:28:59
894.0,25.0,2018-05-13 16:22:47
894.0,25.0,2018-05-10 16:06:13
894.0,25.0,2018-03-29 13:22:15
896.0,50.0,2018-02-20 21:38:56
896.0,25.0,2018-02-17 19:04:45
899.0,25.0,2018-01-28 16:56:39
899.0,25.0,2018-02-23 17:23:22
901.0,500.0,2016-12-19 18:09:52
901.0,500.0,2017-06-03 16:08:34
901.0,500.0,2018-01-25 17:20:34
901.0,500.0,2017-02-09 20:58:53
902.0,50.0,2016-01-22 17:35:57
902.0,50.0,2016-04-21 15:40:43
902.0,25.0,2018-04-30 22:27:53
902.0,25.0,2016-07-31 19:11:37
902.0,25.0,2018-03-15 12:40:07
902.0,25.0,2017-04-14 12:26:00
903.0,100.0,2017-12-23 18:27:14
903.0,100.0,2017-12-31 13:12:43
903.0,100.0,2018-04-07 14:19:44
903.0,100.0,2018-03-12 14:05:30
906.0,500.0,2017-09-30 13:11:41
907.0,50.0,2016-08-29 18:39:12
907.0,25.0,2017-02-09 13:33:38
907.0,50.0,2016-05-17 13:38:53
907.0,25.0,2018-01-23 21:12:30
907.0,25.0,2016-05-28 14:38:59
907.0,50.0,2017-11-25 21:36:01
907.0,25.0,2016-06-24 12:48:39
907.0,25.0,2016-12-22 19:03:44
908.0,50.0,2018-02-11 14:51:21
908.0,25.0,2018-01-15 18:30:17
908.0,25.0,2017-05-06 11:53:30
910.0,25.0,2018-05-04 17:13:31
910.0,50.0,2018-03-16 15:39:59
914.0,25.0,2018-02-08 21:02:57
914.0,25.0,2018-03-07 18:20:22
914.0,25.0,2018-02-13 21:51:59
917.0,100.0,2017-07-30 22:50:24
918.0,50.0,2018-02-02 19:25:23
918.0,50.0,2018-01-15 20:44:51
919.0,100.0,2017-09-28 18:40:31
922.0,250.0,2018-03-03 19:59:47
923.0,50.0,2016-11-30 15:12:46
923.0,25.0,2017-07-11 13:40:16
923.0,25.0,2015-05-25 11:18:21
923.0,50.0,2016-11-24 14:18:04
923.0,50.0,2018-02-19 19:54:27
923.0,25.0,2016-03-16 22:51:44
923.0,25.0,2016-06-27 12:10:38
923.0,25.0,2015-12-29 11:18:22
924.0,1500.0,2017-12-07 18:31:54
924.0,2000.0,2016-10-26 20:36:16
926.0,75.0,2017-11-18 12:06:58
926.0,75.0,2018-05-03 16:18:09
926.0,75.0,2018-06-01 22:25:52
926.0,50.0,2017-12-30 17:29:56
929.0,25.0,2016-03-14 22:38:08
929.0,25.0,2018-03-09 14:06:14
929.0,25.0,2017-01-19 14:47:58
929.0,50.0,2018-03-13 22:25:56
929.0,50.0,2017-09-22 13:31:13
929.0,25.0,2017-02-26 19:18:47
929.0,25.0,2017-10-24 13:59:32
929.0,25.0,2018-02-20 16:37:41
929.0,50.0,2017-07-21 22:18:24
933.0,25.0,2017-06-12 22:05:58
934.0,1500.0,2017-07-23 21:00:43
934.0,2000.0,2016-11-26 22:16:03
935.0,25.0,2016-10-04 13:13:38
935.0,25.0,2018-05-27 19:53:29
939.0,25.0,2018-05-04 22:12:55
939.0,25.0,2017-07-14 20:44:21
940.0,25.0,2018-05-22 21:00:01
940.0,25.0,2017-10-01 22:16:36
941.0,500.0,2017-02-20 22:38:47
941.0,500.0,2016-05-21 17:30:07
941.0,1000.0,2017-03-11 21:13:55
941.0,1000.0,2017-08-01 12:13:31
941.0,500.0,2016-11-07 17:22:08
941.0,500.0,2017-11-30 14:47:00
941.0,500.0,2017-01-27 18:58:16
941.0,500.0,2017-06-13 20:58:29
941.0,500.0,2016-11-02 15:58:45
941.0,500.0,2016-11-03 17:35:23
942.0,1500.0,2015-12-17 11:13:41
942.0,1000.0,2017-05-13 22:02:14
942.0,1000.0,2016-11-21 12:04:33
942.0,1000.0,2016-09-04 19:31:06
944.0,25.0,2018-01-09 14:53:25
944.0,25.0,2018-05-17 16:26:12
944.0,25.0,2018-05-08 14:05:17
944.0,25.0,2018-04-17 22:18:53
948.0,25.0,2017-06-10 21:35:56
948.0,25.0,2017-09-17 21:50:03
949.0,25.0,2016-05-25 19:05:50
949.0,25.0,2017-08-13 21:55:06
949.0,25.0,2017-03-15 21:06:32
949.0,25.0,2016-07-25 11:10:08
949.0,25.0,2015-08-11 14:56:04
949.0,25.0,2016-04-28 21:55:23
949.0,50.0,2015-10-08 13:09:19
949.0,25.0,2017-08-25 16:40:55
949.0,25.0,2016-09-11 18:44:01
950.0,25.0,2016-04-27 16:09:11
950.0,25.0,2017-10-11 21:45:49
950.0,25.0,2018-01-22 22:30:24
950.0,25.0,2017-09-01 18:30:19
950.0,50.0,2017-08-14 13:17:16
950.0,25.0,2017-07-09 13:39:49
951.0,25.0,2018-03-19 14:21:57
951.0,25.0,2017-12-31 18:47:05
951.0,25.0,2017-12-28 19:04:03
956.0,25.0,2016-10-18 22:50:16
956.0,50.0,2017-04-22 22:56:12
957.0,50.0,2017-12-27 22:32:44
957.0,50.0,2018-02-05 20:19:33
957.0,50.0,2017-09-28 14:37:45
957.0,50.0,2018-02-27 22:29:34
958.0,50.0,2016-08-28 22:05:58
958.0,25.0,2017-08-06 20:41:14
958.0,50.0,2017-02-23 22:44:05
958.0,25.0,2016-11-06 19:04:32
958.0,25.0,2017-03-02 13:07:40
958.0,25.0,2015-04-03 18:48:36
958.0,25.0,2016-07-08 21:22:12
958.0,25.0,2015-06-17 13:22:04
958.0,25.0,2016-08-05 21:36:24
958.0,25.0,2016-04-04 21:20:47
958.0,50.0,2017-05-25 20:41:26
958.0,25.0,2017-11-07 19:22:50
959.0,25.0,2017-10-02 20:47:13
959.0,25.0,2016-03-26 19:29:51
959.0,50.0,2016-12-01 17:58:52
959.0,25.0,2017-04-27 22:45:56
959.0,25.0,2017-08-22 15:22:00
959.0,25.0,2015-11-22 22:27:42
959.0,25.0,2017-04-23 12:18:25
959.0,50.0,2017-02-11 18:01:46
959.0,25.0,2016-11-17 21:09:08
959.0,25.0,2016-03-10 22:14:51
959.0,25.0,2017-05-17 17:11:58
959.0,50.0,2016-11-07 14:17:26
961.0,25.0,2016-04-22 22:33:15
961.0,25.0,2015-10-22 20:25:16
961.0,25.0,2015-04-16 21:01:36
963.0,50.0,2018-05-12 14:10:27
963.0,25.0,2017-12-23 19:21:10
963.0,50.0,2017-12-22 14:45:08
963.0,25.0,2018-04-14 11:20:14
963.0,25.0,2018-04-28 14:21:27
965.0,25.0,2018-01-24 15:00:16
965.0,25.0,2017-10-12 21:16:09
965.0,25.0,2018-03-09 11:45:09
965.0,50.0,2018-04-19 16:04:07
966.0,25.0,2018-05-31 20:11:00
966.0,25.0,2017-12-16 11:34:10
969.0,25.0,2016-05-10 14:11:55
969.0,25.0,2016-09-11 11:14:14
969.0,50.0,2018-04-12 14:42:57
969.0,25.0,2016-01-13 14:18:49
969.0,25.0,2016-02-24 15:49:17
969.0,25.0,2018-02-08 20:32:46
970.0,25.0,2017-09-22 11:17:50
970.0,25.0,2018-03-26 22:01:33
970.0,50.0,2017-01-08 22:04:22
970.0,25.0,2016-10-31 14:13:16
970.0,25.0,2018-04-16 13:56:43
970.0,25.0,2017-06-13 17:32:11
970.0,50.0,2016-09-22 18:27:30
970.0,50.0,2017-09-25 12:30:55
970.0,25.0,2016-10-27 21:53:30
970.0,25.0,2017-05-10 12:13:05
971.0,25.0,2018-02-25 20:00:34
971.0,50.0,2018-01-20 15:03:38
971.0,25.0,2017-09-29 16:02:39
971.0,25.0,2018-06-02 21:55:37
971.0,25.0,2018-05-21 18:29:56
972.0,25.0,2016-01-31 17:51:09
972.0,25.0,2018-04-12 21:12:52
972.0,25.0,2017-06-21 16:07:25
972.0,25.0,2017-02-07 20:00:28
972.0,25.0,2016-12-19 21:36:34
972.0,25.0,2017-08-25 17:19:40
972.0,25.0,2016-12-21 13:14:26
972.0,25.0,2017-10-19 20:29:53
972.0,50.0,2016-09-09 18:38:21
973.0,50.0,2017-12-12 18:45:52
973.0,50.0,2017-03-05 22:23:46
973.0,50.0,2017-02-02 14:19:12
973.0,50.0,2017-06-18 13:47:25
973.0,75.0,2016-11-16 20:42:00
973.0,50.0,2017-07-30 16:31:03
977.0,75.0,2016-07-07 22:08:12
977.0,75.0,2016-12-03 11:17:17
977.0,75.0,2016-06-18 14:49:25
977.0,75.0,2017-04-24 22:13:38
977.0,50.0,2017-07-14 22:27:38
977.0,50.0,2016-06-17 17:35:26
977.0,75.0,2017-08-16 18:23:01
977.0,50.0,2018-03-16 12:37:41
978.0,1000.0,2015-05-28 16:47:51
978.0,1500.0,2018-02-05 20:58:27
978.0,1500.0,2017-04-16 16:29:33
978.0,1000.0,2015-07-31 16:08:04
978.0,1500.0,2017-03-17 11:40:57
978.0,1000.0,2016-04-28 16:50:10
978.0,1000.0,2017-03-22 21:31:48
978.0,1000.0,2017-07-18 12:38:57
979.0,50.0,2017-12-16 22:30:36
984.0,25.0,2017-08-31 21:09:16
984.0,25.0,2018-04-01 22:14:40
984.0,25.0,2017-07-15 14:29:00
986.0,25.0,2018-03-13 19:57:12
986.0,50.0,2018-01-30 18:20:58
986.0,50.0,2018-04-30 14:02:15
987.0,25.0,2016-09-19 14:26:35
987.0,25.0,2017-06-17 19:35:54
987.0,25.0,2017-08-17 17:58:34
987.0,50.0,2017-08-25 15:20:47
988.0,25.0,2017-05-20 20:52:22
988.0,25.0,2017-09-30 14:13:01
989.0,250.0,2018-03-27 21:54:31
991.0,25.0,2017-02-16 16:17:12
991.0,25.0,2016-12-29 21:19:35
991.0,25.0,2017-02-08 14:32:39
991.0,50.0,2016-11-10 17:47:05
991.0,25.0,2017-10-08 20:36:50
991.0,25.0,2017-01-06 19:34:53
992.0,1000.0,2017-10-10 20:41:30
992.0,500.0,2017-05-18 11:54:32
992.0,500.0,2016-04-12 11:26:36
992.0,1000.0,2016-02-15 14:04:47
992.0,500.0,2017-02-19 13:46:34
992.0,500.0,2018-03-25 20:07:31
992.0,500.0,2017-04-01 19:05:44
992.0,1000.0,2018-03-29 20:04:31
992.0,1000.0,2017-04-09 13:17:15
993.0,100.0,2017-12-05 15:07:09
993.0,100.0,2017-05-23 12:15:01
993.0,250.0,2016-04-04 12:57:45
993.0,100.0,2017-11-22 22:23:22
993.0,250.0,2016-11-06 18:46:46
993.0,100.0,2016-08-28 11:21:50
993.0,100.0,2016-03-04 22:33:28
993.0,250.0,2017-12-16 17:54:24
993.0,250.0,2017-12-19 14:03:42
994.0,250.0,2016-04-15 12:55:45
994.0,250.0,2018-03-13 17:36:42
994.0,500.0,2015-10-18 17:23:37
996.0,25.0,2018-06-02 11:44:16
996.0,25.0,2017-09-03 20:31:50
997.0,50.0,2016-10-21 19:27:15
997.0,50.0,2016-11-04 20:44:32
